seed,dataset,target,model,selector,apparent_r2,apparent_r2_std,nested_r2,bias,apparent_rmse,apparent_rmse_std,nested_rmse,nested_rmse_std,bias_rmse,apparent_r2_pooled,apparent_rmse_pooled,nested_rmse_pooled,bias_pooled
0,deep_patato,chlorophyll,pls,ga,0.7780863248964364,0.09221455576054984,0.460749806194635,0.31733651870180135,3.0263868145765462,0.27591600941574124,4.896626332103572,0.6737587827547535,1.8702395175270254,0.810021595253321,3.051568472712369,4.886909960129051,0.34927178905868594
1,deep_patato,chlorophyll,pls,ga,0.7795123900730876,0.09719284436934696,0.47457442221559826,0.30493796785748933,2.9960825829568924,0.3400316747841209,4.825948591220994,0.6312336886096727,1.8298660082641018,0.8120534088099152,3.035206388729178,4.832881444772595,0.3374789865943169
2,deep_patato,chlorophyll,pls,ga,0.768798935140084,0.09526678850498202,0.4033841317641711,0.3654148033759129,3.0880487550736513,0.2876025950067634,5.0926213196384875,0.41451450920115873,2.0045725645648362,0.8016137889007915,3.1183635297172536,5.084790264018777,0.3982296571366204
3,deep_patato,chlorophyll,pls,ga,0.781604926176439,0.08868841710459005,0.41611893897507307,0.3654859872013659,3.0058586763225565,0.2577597433036288,5.074079091852623,0.6759789514780795,2.068220415530066,0.812641693045612,3.030452475712639,5.064405151037549,0.3965227540705389
4,deep_patato,chlorophyll,pls,ga,0.7724176609619207,0.09476314522873035,0.46127178499122523,0.31114587597069543,3.0627882765916246,0.28589565701962866,4.96529546925714,0.9226486602547245,1.9025071926655155,0.8049748734072657,3.0918348301284153,4.968352323444606,0.34370308841604047
5,deep_patato,chlorophyll,pls,ga,0.7898904113028247,0.07720481029421053,0.5020718255897663,0.2878185857130584,2.9841205373036983,0.2775278983691252,4.7248286939529285,0.7737653454461075,1.7407081566492302,0.815744696722793,3.0052527233568513,4.72184349895399,0.3136728711330268
6,deep_patato,chlorophyll,pls,ga,0.7777723268728682,0.0942055335428619,0.47137620021511994,0.3063961266577483,3.0204093455737477,0.31490612098940785,4.844517405610904,0.8506689091480971,1.824108060037156,0.8096475912453233,3.054570755219679,4.845232306355065,0.3382713910302033
7,deep_patato,chlorophyll,pls,ga,0.7689200469082431,0.09791060503752709,0.44509368666930077,0.32382636023894235,3.083446078820768,0.29059900520043885,4.978215695261481,0.5021647209314645,1.8947696164407128,0.8026825414445578,3.1099525125046865,4.969169098877567,0.357588854775257
8,deep_patato,chlorophyll,pls,ga,0.7905912834644836,0.07508964746227996,0.4418307536124659,0.3487605298520177,2.9759155109093003,0.2584776678015395,4.931844113830361,0.4026993906614774,1.9559286029210607,0.8161553904585508,3.001901593229664,4.9306495422409355,0.3743246368460849
9,deep_patato,chlorophyll,pls,ga,0.7822960128018552,0.0834001375983855,0.37151595546376964,0.4107800573380856,3.0115828811549266,0.25477252664227906,5.137185800952753,0.611331858215796,2.125602919797826,0.8124642687316117,3.0318870230478425,5.146150827113662,0.44094831326784206
10,deep_patato,chlorophyll,pls,ga,0.7672888294412754,0.09277344396408999,0.3999708101562205,0.3673180192850549,3.103752593864946,0.3183005101604054,5.128269795361076,0.6623970152427269,2.02451720149613,0.7986933893670785,3.1412320464856216,5.125907700435883,0.39872257921085796
11,deep_patato,chlorophyll,pls,ga,0.7635862278946755,0.08782475479919113,0.4538695940212392,0.30971663387343623,3.1454549427594753,0.319371051966846,4.956717190513283,0.6704153351476754,1.8112622477538074,0.7932511059961597,3.1834101638509353,4.949421734196335,0.33938151197492045
0,deep_patato,chlorophyll,pls,lasso,0.7049556090226436,0.07587093026436031,0.47671337754074783,0.22824223148189582,3.6029994559045235,0.35106910419739135,4.830139128549679,0.5696936198991818,1.2271396726451558,0.737001098104118,3.590442439052524,4.8301023145468385,0.26028772056337013
1,deep_patato,chlorophyll,pls,lasso,0.7049556090226436,0.07587093026436031,0.47671337754074783,0.22824223148189582,3.6029994559045235,0.35106910419739135,4.830139128549679,0.5696936198991818,1.2271396726451558,0.737001098104118,3.590442439052524,4.8301023145468385,0.26028772056337013
2,deep_patato,chlorophyll,pls,lasso,0.7049556090226436,0.07587093026436031,0.47671337754074783,0.22824223148189582,3.6029994559045235,0.35106910419739135,4.830139128549679,0.5696936198991818,1.2271396726451558,0.737001098104118,3.590442439052524,4.8301023145468385,0.26028772056337013
3,deep_patato,chlorophyll,pls,lasso,0.7049556090226436,0.07587093026436031,0.47671337754074783,0.22824223148189582,3.6029994559045235,0.35106910419739135,4.830139128549679,0.5696936198991818,1.2271396726451558,0.737001098104118,3.590442439052524,4.8301023145468385,0.26028772056337013
4,deep_patato,chlorophyll,pls,lasso,0.7049556090226436,0.07587093026436031,0.47671337754074783,0.22824223148189582,3.6029994559045235,0.35106910419739135,4.830139128549679,0.5696936198991818,1.2271396726451558,0.737001098104118,3.590442439052524,4.8301023145468385,0.26028772056337013
5,deep_patato,chlorophyll,pls,lasso,0.7049556090226436,0.07587093026436031,0.47671337754074783,0.22824223148189582,3.6029994559045235,0.35106910419739135,4.830139128549679,0.5696936198991818,1.2271396726451558,0.737001098104118,3.590442439052524,4.8301023145468385,0.26028772056337013
6,deep_patato,chlorophyll,pls,lasso,0.7049556090226436,0.07587093026436031,0.47671337754074783,0.22824223148189582,3.6029994559045235,0.35106910419739135,4.830139128549679,0.5696936198991818,1.2271396726451558,0.737001098104118,3.590442439052524,4.8301023145468385,0.26028772056337013
7,deep_patato,chlorophyll,pls,lasso,0.7049556090226436,0.07587093026436031,0.47671337754074783,0.22824223148189582,3.6029994559045235,0.35106910419739135,4.830139128549679,0.5696936198991818,1.2271396726451558,0.737001098104118,3.590442439052524,4.8301023145468385,0.26028772056337013
8,deep_patato,chlorophyll,pls,lasso,0.7049556090226436,0.07587093026436031,0.47671337754074783,0.22824223148189582,3.6029994559045235,0.35106910419739135,4.830139128549679,0.5696936198991818,1.2271396726451558,0.737001098104118,3.590442439052524,4.8301023145468385,0.26028772056337013
9,deep_patato,chlorophyll,pls,lasso,0.7049556090226436,0.07587093026436031,0.47671337754074783,0.22824223148189582,3.6029994559045235,0.35106910419739135,4.830139128549679,0.5696936198991818,1.2271396726451558,0.737001098104118,3.590442439052524,4.8301023145468385,0.26028772056337013
10,deep_patato,chlorophyll,pls,lasso,0.7049556090226436,0.07587093026436031,0.47671337754074783,0.22824223148189582,3.6029994559045235,0.35106910419739135,4.830139128549679,0.5696936198991818,1.2271396726451558,0.737001098104118,3.590442439052524,4.8301023145468385,0.26028772056337013
11,deep_patato,chlorophyll,pls,lasso,0.7049556090226436,0.07587093026436031,0.47671337754074783,0.22824223148189582,3.6029994559045235,0.35106910419739135,4.830139128549679,0.5696936198991818,1.2271396726451558,0.737001098104118,3.590442439052524,4.8301023145468385,0.26028772056337013
0,deep_patato,chlorophyll,pls,mutual_info,0.6370409773297654,0.15905962698671167,0.6488300803113706,-0.011789102981605182,3.8524456501216937,0.5357167003031593,3.8768366437556727,0.304447251663795,0.024390993633979008,0.6892434936978041,3.902843313868925,3.902461589431011,0.04041341338643356
1,deep_patato,chlorophyll,pls,mutual_info,0.6370409773297654,0.15905962698671167,0.6488300803113706,-0.011789102981605182,3.8524456501216937,0.5357167003031593,3.8768366437556727,0.304447251663795,0.024390993633979008,0.6892434936978041,3.902843313868925,3.902461589431011,0.04041341338643356
2,deep_patato,chlorophyll,pls,mutual_info,0.6370409773297654,0.15905962698671167,0.6502961329714809,-0.013255155641715533,3.8524456501216937,0.5357167003031593,3.859164385113457,0.31521946480855817,0.006718734991763231,0.6892434936978041,3.902843313868925,3.8850676701548283,0.03894736072632321
3,deep_patato,chlorophyll,pls,mutual_info,0.6370409773297654,0.15905962698671167,0.6376909549067291,-0.0006499775769637228,3.8524456501216937,0.5357167003031593,3.9605560236645907,0.3537641669487864,0.10811037354289699,0.6892434936978041,3.902843313868925,3.993307005907861,0.05155253879107502
4,deep_patato,chlorophyll,pls,mutual_info,0.6370409773297654,0.15905962698671167,0.6362223178974024,0.0008186594323630336,3.8524456501216937,0.5357167003031593,3.967356317352472,0.35704437153763924,0.11491066723077825,0.6892434936978041,3.902843313868925,4.0006359571760495,0.053021175800401776
5,deep_patato,chlorophyll,pls,mutual_info,0.6370409773297654,0.15905962698671167,0.6376909549067291,-0.0006499775769637228,3.8524456501216937,0.5357167003031593,3.9605560236645907,0.3537641669487864,0.10811037354289699,0.6892434936978041,3.902843313868925,3.993307005907861,0.05155253879107502
6,deep_patato,chlorophyll,pls,mutual_info,0.6370409773297654,0.15905962698671167,0.6376909549067291,-0.0006499775769637228,3.8524456501216937,0.5357167003031593,3.9605560236645907,0.3537641669487864,0.10811037354289699,0.6892434936978041,3.902843313868925,3.993307005907861,0.05155253879107502
7,deep_patato,chlorophyll,pls,mutual_info,0.6370409773297654,0.15905962698671167,0.6471688031638756,-0.010127825834110205,3.8524456501216937,0.5357167003031593,3.884338832188655,0.31170445054335233,0.031893182066961234,0.6892434936978041,3.902843313868925,3.910820397604935,0.04207469053392854
8,deep_patato,chlorophyll,pls,mutual_info,0.6370409773297654,0.15905962698671167,0.6376909549067291,-0.0006499775769637228,3.8524456501216937,0.5357167003031593,3.9605560236645907,0.3537641669487864,0.10811037354289699,0.6892434936978041,3.902843313868925,3.993307005907861,0.05155253879107502
9,deep_patato,chlorophyll,pls,mutual_info,0.6370409773297654,0.15905962698671167,0.6474630210931162,-0.010422043763350763,3.8524456501216937,0.5357167003031593,3.883101078752568,0.3131050864168149,0.030655428630874226,0.6892434936978041,3.902843313868925,3.909656380127139,0.04178047260468798
10,deep_patato,chlorophyll,pls,mutual_info,0.6370409773297654,0.15905962698671167,0.6390580141249835,-0.002017036795218141,3.8524456501216937,0.5357167003031593,3.954291588667695,0.3475238735075689,0.10184593854600132,0.6892434936978041,3.902843313868925,3.986263198754991,0.0501854795728206
11,deep_patato,chlorophyll,pls,mutual_info,0.6370409773297654,0.15905962698671167,0.6375893771156568,-0.0005483997858913847,3.8524456501216937,0.5357167003031593,3.961091882355577,0.35098381740897794,0.10864623223388348,0.6892434936978041,3.902843313868925,3.9936050766400895,0.05165411658214736
0,deep_patato,chlorophyll,pls,rfe,0.539683525067237,0.16439923992562258,0.6020425649495799,-0.062359039882342815,4.413800342176829,0.4122312985114022,4.053719763371392,0.46211109932803124,-0.3600805788054373,0.5956536782133807,4.451924078827389,4.1091183478447615,-0.006388886736199195
1,deep_patato,chlorophyll,pls,rfe,0.539683525067237,0.16439923992562258,0.6020425649495799,-0.062359039882342815,4.413800342176829,0.4122312985114022,4.053719763371392,0.46211109932803124,-0.3600805788054373,0.5956536782133807,4.451924078827389,4.1091183478447615,-0.006388886736199195
2,deep_patato,chlorophyll,pls,rfe,0.539683525067237,0.16439923992562258,0.6020425649495799,-0.062359039882342815,4.413800342176829,0.4122312985114022,4.053719763371392,0.46211109932803124,-0.3600805788054373,0.5956536782133807,4.451924078827389,4.1091183478447615,-0.006388886736199195
3,deep_patato,chlorophyll,pls,rfe,0.539683525067237,0.16439923992562258,0.6020425649495799,-0.062359039882342815,4.413800342176829,0.4122312985114022,4.053719763371392,0.46211109932803124,-0.3600805788054373,0.5956536782133807,4.451924078827389,4.1091183478447615,-0.006388886736199195
4,deep_patato,chlorophyll,pls,rfe,0.539683525067237,0.16439923992562258,0.6020425649495799,-0.062359039882342815,4.413800342176829,0.4122312985114022,4.053719763371392,0.46211109932803124,-0.3600805788054373,0.5956536782133807,4.451924078827389,4.1091183478447615,-0.006388886736199195
5,deep_patato,chlorophyll,pls,rfe,0.539683525067237,0.16439923992562258,0.6020425649495799,-0.062359039882342815,4.413800342176829,0.4122312985114022,4.053719763371392,0.46211109932803124,-0.3600805788054373,0.5956536782133807,4.451924078827389,4.1091183478447615,-0.006388886736199195
6,deep_patato,chlorophyll,pls,rfe,0.539683525067237,0.16439923992562258,0.6020425649495799,-0.062359039882342815,4.413800342176829,0.4122312985114022,4.053719763371392,0.46211109932803124,-0.3600805788054373,0.5956536782133807,4.451924078827389,4.1091183478447615,-0.006388886736199195
7,deep_patato,chlorophyll,pls,rfe,0.539683525067237,0.16439923992562258,0.6020425649495799,-0.062359039882342815,4.413800342176829,0.4122312985114022,4.053719763371392,0.46211109932803124,-0.3600805788054373,0.5956536782133807,4.451924078827389,4.1091183478447615,-0.006388886736199195
8,deep_patato,chlorophyll,pls,rfe,0.539683525067237,0.16439923992562258,0.6020425649495799,-0.062359039882342815,4.413800342176829,0.4122312985114022,4.053719763371392,0.46211109932803124,-0.3600805788054373,0.5956536782133807,4.451924078827389,4.1091183478447615,-0.006388886736199195
9,deep_patato,chlorophyll,pls,rfe,0.539683525067237,0.16439923992562258,0.6020425649495799,-0.062359039882342815,4.413800342176829,0.4122312985114022,4.053719763371392,0.46211109932803124,-0.3600805788054373,0.5956536782133807,4.451924078827389,4.1091183478447615,-0.006388886736199195
10,deep_patato,chlorophyll,pls,rfe,0.539683525067237,0.16439923992562258,0.6020425649495799,-0.062359039882342815,4.413800342176829,0.4122312985114022,4.053719763371392,0.46211109932803124,-0.3600805788054373,0.5956536782133807,4.451924078827389,4.1091183478447615,-0.006388886736199195
11,deep_patato,chlorophyll,pls,rfe,0.539683525067237,0.16439923992562258,0.6020425649495799,-0.062359039882342815,4.413800342176829,0.4122312985114022,4.053719763371392,0.46211109932803124,-0.3600805788054373,0.5956536782133807,4.451924078827389,4.1091183478447615,-0.006388886736199195
0,ryckewaert,chlorophyll,pls,ga,0.8845089077986916,0.028937996133300777,0.7854861936227902,0.09902271417590147,3.117390397695379,0.355911733082847,4.239362121102235,0.6752335886554705,1.1219717234068556,0.8861541941376332,3.1385322548237484,4.287762720625502,0.10066800051484304
1,ryckewaert,chlorophyll,pls,ga,0.8843067233170301,0.02629207613458635,0.7666892933278945,0.1176174299891356,3.123759315596545,0.30689712129420144,4.418495131783335,0.6640107882010863,1.2947358161867903,0.8860651364972998,3.139759597514021,4.463888089273449,0.1193758431694053
2,ryckewaert,chlorophyll,pls,ga,0.8819379132438515,0.030839537023785616,0.7787257169320883,0.10321219631176326,3.1489244589239886,0.3704114529920955,4.300818347314213,0.6958306644656955,1.1518938883902248,0.883756994853746,3.171403439997067,4.351832595501432,0.10503127792165778
3,ryckewaert,chlorophyll,pls,ga,0.8850603273160556,0.027422332231225543,0.7812123699141844,0.10384795740187114,3.1155936761789973,0.3605880878471954,4.285265461327766,0.6475175353441049,1.1696717851487688,0.88629587153913,3.1365787462245525,4.32915427664696,0.10508350162494562
4,ryckewaert,chlorophyll,pls,ga,0.879615234053588,0.02831657794709689,0.7720823696359078,0.10753286441768017,3.1829437346773712,0.314470806608343,4.390270193828378,0.6396975834473738,1.2073264591510071,0.8816993220968121,3.199349571376336,4.430818857803416,0.1096169524609043
5,ryckewaert,chlorophyll,pls,ga,0.884269648542008,0.03071729683996317,0.7966016374339395,0.08766801110806843,3.1163573418648736,0.37453903704719516,4.127366976729313,0.48988510751387426,1.0110096348644393,0.8860472225051097,3.140006420200584,4.155277353292253,0.08944558507117017
6,ryckewaert,chlorophyll,pls,ga,0.883541243602658,0.026624305728556126,0.7984435098469103,0.0850977337557477,3.1367021477298422,0.3351008665933503,4.088626793429784,0.5160055277467537,0.9519246456999415,0.8849621892710949,3.1549202273777346,4.121255098167625,0.08651867942418467
7,ryckewaert,chlorophyll,pls,ga,0.8839189877634176,0.02525970635568916,0.7981146418588686,0.085804345904549,3.1304418675065406,0.2968919589752068,4.084687919916172,0.5412036415425573,0.9542460524096317,0.8857022928609538,3.144755154501614,4.12059443020572,0.08758765100208521
8,ryckewaert,chlorophyll,pls,ga,0.885744384629249,0.029395772960723657,0.7832523141051263,0.10249207052412268,3.0965112065730196,0.35045015051229333,4.265277170640129,0.37192129012647546,1.1687659640671093,0.8876680558114692,3.117595143264941,4.281323157046651,0.10441574170634293
9,ryckewaert,chlorophyll,pls,ga,0.8801141289681457,0.026611369199138306,0.7920386397540203,0.08807548921412534,3.18458856294877,0.33297738116661385,4.167997638473304,0.4817554046554861,0.9834090755245342,0.8814907963109877,3.2021680385362874,4.195064042733015,0.08945215655696737
10,ryckewaert,chlorophyll,pls,ga,0.8841881001706821,0.028081382214207813,0.7532030716697357,0.1309850285009464,3.1235441017146295,0.3503637634316901,4.5693150754472125,0.8380982919748398,1.445770973732583,0.8857826298948018,3.14364977488867,4.636947192890116,0.13257955822506617
11,ryckewaert,chlorophyll,pls,ga,0.8836947907488255,0.025602880323191423,0.7563621145858084,0.12733267616301713,3.1341688159708325,0.29627863810929367,4.512304619171745,0.8557070193933327,1.3781358032009128,0.8853961181744776,3.1489643399065472,4.585220198988806,0.12903400358866923
0,ryckewaert,chlorophyll,pls,lasso,0.8669085604030415,0.030075997506363743,0.8531390173554021,0.013769543047639443,3.34783521089586,0.29012754915709343,3.5096170391191324,0.36157785252018526,0.16178182822327258,0.8694490788439728,3.3609190221474265,3.5285696293457764,0.016310061488570726
1,ryckewaert,chlorophyll,pls,lasso,0.8669085604030415,0.030075997506363743,0.8531390173554021,0.013769543047639443,3.34783521089586,0.29012754915709343,3.5096170391191324,0.36157785252018526,0.16178182822327258,0.8694490788439728,3.3609190221474265,3.5285696293457764,0.016310061488570726
2,ryckewaert,chlorophyll,pls,lasso,0.8669085604030415,0.030075997506363743,0.8531390173554021,0.013769543047639443,3.34783521089586,0.29012754915709343,3.5096170391191324,0.36157785252018526,0.16178182822327258,0.8694490788439728,3.3609190221474265,3.5285696293457764,0.016310061488570726
3,ryckewaert,chlorophyll,pls,lasso,0.8669085604030415,0.030075997506363743,0.8531390173554021,0.013769543047639443,3.34783521089586,0.29012754915709343,3.5096170391191324,0.36157785252018526,0.16178182822327258,0.8694490788439728,3.3609190221474265,3.5285696293457764,0.016310061488570726
4,ryckewaert,chlorophyll,pls,lasso,0.8669085604030415,0.030075997506363743,0.8531390173554021,0.013769543047639443,3.34783521089586,0.29012754915709343,3.5096170391191324,0.36157785252018526,0.16178182822327258,0.8694490788439728,3.3609190221474265,3.5285696293457764,0.016310061488570726
5,ryckewaert,chlorophyll,pls,lasso,0.8669085604030415,0.030075997506363743,0.8531390173554021,0.013769543047639443,3.34783521089586,0.29012754915709343,3.5096170391191324,0.36157785252018526,0.16178182822327258,0.8694490788439728,3.3609190221474265,3.5285696293457764,0.016310061488570726
6,ryckewaert,chlorophyll,pls,lasso,0.8669085604030415,0.030075997506363743,0.8531390173554021,0.013769543047639443,3.34783521089586,0.29012754915709343,3.5096170391191324,0.36157785252018526,0.16178182822327258,0.8694490788439728,3.3609190221474265,3.5285696293457764,0.016310061488570726
7,ryckewaert,chlorophyll,pls,lasso,0.8669085604030415,0.030075997506363743,0.8531390173554021,0.013769543047639443,3.34783521089586,0.29012754915709343,3.5096170391191324,0.36157785252018526,0.16178182822327258,0.8694490788439728,3.3609190221474265,3.5285696293457764,0.016310061488570726
8,ryckewaert,chlorophyll,pls,lasso,0.8669085604030415,0.030075997506363743,0.8531390173554021,0.013769543047639443,3.34783521089586,0.29012754915709343,3.5096170391191324,0.36157785252018526,0.16178182822327258,0.8694490788439728,3.3609190221474265,3.5285696293457764,0.016310061488570726
9,ryckewaert,chlorophyll,pls,lasso,0.8669085604030415,0.030075997506363743,0.8531390173554021,0.013769543047639443,3.34783521089586,0.29012754915709343,3.5096170391191324,0.36157785252018526,0.16178182822327258,0.8694490788439728,3.3609190221474265,3.5285696293457764,0.016310061488570726
10,ryckewaert,chlorophyll,pls,lasso,0.8669085604030415,0.030075997506363743,0.8531390173554021,0.013769543047639443,3.34783521089586,0.29012754915709343,3.5096170391191324,0.36157785252018526,0.16178182822327258,0.8694490788439728,3.3609190221474265,3.5285696293457764,0.016310061488570726
11,ryckewaert,chlorophyll,pls,lasso,0.8669085604030415,0.030075997506363743,0.8531390173554021,0.013769543047639443,3.34783521089586,0.29012754915709343,3.5096170391191324,0.36157785252018526,0.16178182822327258,0.8694490788439728,3.3609190221474265,3.5285696293457764,0.016310061488570726
0,ryckewaert,chlorophyll,pls,mutual_info,0.8546330695957943,0.028715607365596394,0.8450349834152282,0.009598086180566123,3.5086212496215587,0.28230378889924096,3.614265286196764,0.323955940384115,0.10564403657520538,0.8567857313324931,3.5201504320614525,3.629421616160948,0.011750747917264937
1,ryckewaert,chlorophyll,pls,mutual_info,0.8546330695957943,0.028715607365596394,0.8450349834152282,0.009598086180566123,3.5086212496215587,0.28230378889924096,3.614265286196764,0.323955940384115,0.10564403657520538,0.8567857313324931,3.5201504320614525,3.629421616160948,0.011750747917264937
2,ryckewaert,chlorophyll,pls,mutual_info,0.8546330695957943,0.028715607365596394,0.8450349834152282,0.009598086180566123,3.5086212496215587,0.28230378889924096,3.614265286196764,0.323955940384115,0.10564403657520538,0.8567857313324931,3.5201504320614525,3.629421616160948,0.011750747917264937
3,ryckewaert,chlorophyll,pls,mutual_info,0.8546330695957943,0.028715607365596394,0.8450349834152282,0.009598086180566123,3.5086212496215587,0.28230378889924096,3.614265286196764,0.323955940384115,0.10564403657520538,0.8567857313324931,3.5201504320614525,3.629421616160948,0.011750747917264937
4,ryckewaert,chlorophyll,pls,mutual_info,0.8546330695957943,0.028715607365596394,0.8444969567351859,0.010136112860608448,3.5086212496215587,0.28230378889924096,3.619729574550319,0.3316006673915343,0.1111083249287601,0.8567857313324931,3.5201504320614525,3.6355824550227163,0.012288774597307262
5,ryckewaert,chlorophyll,pls,mutual_info,0.8546330695957943,0.028715607365596394,0.8450349834152282,0.009598086180566123,3.5086212496215587,0.28230378889924096,3.614265286196764,0.323955940384115,0.10564403657520538,0.8567857313324931,3.5201504320614525,3.629421616160948,0.011750747917264937
6,ryckewaert,chlorophyll,pls,mutual_info,0.8546330695957943,0.028715607365596394,0.8450349834152282,0.009598086180566123,3.5086212496215587,0.28230378889924096,3.614265286196764,0.323955940384115,0.10564403657520538,0.8567857313324931,3.5201504320614525,3.629421616160948,0.011750747917264937
7,ryckewaert,chlorophyll,pls,mutual_info,0.8546330695957943,0.028715607365596394,0.8450349834152282,0.009598086180566123,3.5086212496215587,0.28230378889924096,3.614265286196764,0.323955940384115,0.10564403657520538,0.8567857313324931,3.5201504320614525,3.629421616160948,0.011750747917264937
8,ryckewaert,chlorophyll,pls,mutual_info,0.8546330695957943,0.028715607365596394,0.8450349834152282,0.009598086180566123,3.5086212496215587,0.28230378889924096,3.614265286196764,0.323955940384115,0.10564403657520538,0.8567857313324931,3.5201504320614525,3.629421616160948,0.011750747917264937
9,ryckewaert,chlorophyll,pls,mutual_info,0.8546330695957943,0.028715607365596394,0.8450349834152282,0.009598086180566123,3.5086212496215587,0.28230378889924096,3.614265286196764,0.323955940384115,0.10564403657520538,0.8567857313324931,3.5201504320614525,3.629421616160948,0.011750747917264937
10,ryckewaert,chlorophyll,pls,mutual_info,0.8546330695957943,0.028715607365596394,0.8450349834152282,0.009598086180566123,3.5086212496215587,0.28230378889924096,3.614265286196764,0.323955940384115,0.10564403657520538,0.8567857313324931,3.5201504320614525,3.629421616160948,0.011750747917264937
11,ryckewaert,chlorophyll,pls,mutual_info,0.8546330695957943,0.028715607365596394,0.8450349834152282,0.009598086180566123,3.5086212496215587,0.28230378889924096,3.614265286196764,0.323955940384115,0.10564403657520538,0.8567857313324931,3.5201504320614525,3.629421616160948,0.011750747917264937
0,ryckewaert,chlorophyll,pls,rfe,0.8511114479906334,0.027816681341886435,0.8372044852813227,0.013906962709310688,3.551662204665174,0.2429259736493619,3.7150727267739034,0.2945535802178645,0.16341052210872942,0.8535537958694437,3.5596486863690466,3.7262854150614766,0.016349310588120947
1,ryckewaert,chlorophyll,pls,rfe,0.8511114479906334,0.027816681341886435,0.8372044852813227,0.013906962709310688,3.551662204665174,0.2429259736493619,3.7150727267739034,0.2945535802178645,0.16341052210872942,0.8535537958694437,3.5596486863690466,3.7262854150614766,0.016349310588120947
2,ryckewaert,chlorophyll,pls,rfe,0.8511114479906334,0.027816681341886435,0.8372044852813227,0.013906962709310688,3.551662204665174,0.2429259736493619,3.7150727267739034,0.2945535802178645,0.16341052210872942,0.8535537958694437,3.5596486863690466,3.7262854150614766,0.016349310588120947
3,ryckewaert,chlorophyll,pls,rfe,0.8511114479906334,0.027816681341886435,0.8372044852813227,0.013906962709310688,3.551662204665174,0.2429259736493619,3.7150727267739034,0.2945535802178645,0.16341052210872942,0.8535537958694437,3.5596486863690466,3.7262854150614766,0.016349310588120947
4,ryckewaert,chlorophyll,pls,rfe,0.8511114479906334,0.027816681341886435,0.8372044852813227,0.013906962709310688,3.551662204665174,0.2429259736493619,3.7150727267739034,0.2945535802178645,0.16341052210872942,0.8535537958694437,3.5596486863690466,3.7262854150614766,0.016349310588120947
5,ryckewaert,chlorophyll,pls,rfe,0.8511114479906334,0.027816681341886435,0.8372044852813227,0.013906962709310688,3.551662204665174,0.2429259736493619,3.7150727267739034,0.2945535802178645,0.16341052210872942,0.8535537958694437,3.5596486863690466,3.7262854150614766,0.016349310588120947
6,ryckewaert,chlorophyll,pls,rfe,0.8511114479906334,0.027816681341886435,0.8372044852813227,0.013906962709310688,3.551662204665174,0.2429259736493619,3.7150727267739034,0.2945535802178645,0.16341052210872942,0.8535537958694437,3.5596486863690466,3.7262854150614766,0.016349310588120947
7,ryckewaert,chlorophyll,pls,rfe,0.8511114479906334,0.027816681341886435,0.8372044852813227,0.013906962709310688,3.551662204665174,0.2429259736493619,3.7150727267739034,0.2945535802178645,0.16341052210872942,0.8535537958694437,3.5596486863690466,3.7262854150614766,0.016349310588120947
8,ryckewaert,chlorophyll,pls,rfe,0.8511114479906334,0.027816681341886435,0.8372044852813227,0.013906962709310688,3.551662204665174,0.2429259736493619,3.7150727267739034,0.2945535802178645,0.16341052210872942,0.8535537958694437,3.5596486863690466,3.7262854150614766,0.016349310588120947
9,ryckewaert,chlorophyll,pls,rfe,0.8511114479906334,0.027816681341886435,0.8372044852813227,0.013906962709310688,3.551662204665174,0.2429259736493619,3.7150727267739034,0.2945535802178645,0.16341052210872942,0.8535537958694437,3.5596486863690466,3.7262854150614766,0.016349310588120947
10,ryckewaert,chlorophyll,pls,rfe,0.8511114479906334,0.027816681341886435,0.8372044852813227,0.013906962709310688,3.551662204665174,0.2429259736493619,3.7150727267739034,0.2945535802178645,0.16341052210872942,0.8535537958694437,3.5596486863690466,3.7262854150614766,0.016349310588120947
11,ryckewaert,chlorophyll,pls,rfe,0.8511114479906334,0.027816681341886435,0.8372044852813227,0.013906962709310688,3.551662204665174,0.2429259736493619,3.7150727267739034,0.2945535802178645,0.16341052210872942,0.8535537958694437,3.5596486863690466,3.7262854150614766,0.016349310588120947
0,ryckewaert,flavonol,lightgbm,ga,0.5574043482441103,0.05550118913327891,0.29818015163341327,0.25922419661069707,0.3780881233643308,0.036377867313639956,0.4732472620517136,0.04590736343186824,0.0951591386873828,0.5631977417555818,0.3795718949968605,0.47521930859274447,0.2650175901221685
1,ryckewaert,flavonol,lightgbm,ga,0.5551381253989616,0.06732604781823988,0.3226826287925094,0.23245549660645215,0.37832776872409396,0.03365746601200557,0.46562884292722656,0.04219668244731606,0.0873010742031326,0.5630686675206681,0.3796279722403048,0.46723875808546905,0.24038603872815867
2,ryckewaert,flavonol,lightgbm,ga,0.5763375322026121,0.049304728514600556,0.3148253283998705,0.2615122038027416,0.36971192827739124,0.03045309783375783,0.4679040384424118,0.04904227336321093,0.09819211016502055,0.583317455998253,0.3707270403728255,0.47020742438623897,0.26849212759838254
3,ryckewaert,flavonol,lightgbm,ga,0.5373983217316848,0.07324623043432354,0.30325022182654837,0.2341480999051364,0.3855295944304468,0.035737466356417634,0.4739242498956637,0.037916261840662,0.08839465546521685,0.5461144310625785,0.386923224121649,0.47519576920006396,0.24286420923603014
4,ryckewaert,flavonol,lightgbm,ga,0.5805313145338784,0.0608607789135951,0.35196044443040214,0.22857087010347626,0.36667754604935776,0.021666386480204854,0.45544864974923593,0.04039889929073924,0.08877110369987817,0.5913639741173422,0.36713005262746534,0.45701534491106327,0.23940352968694006
5,ryckewaert,flavonol,lightgbm,ga,0.5467494690298579,0.08434340819405028,0.3021118740953612,0.24463759493449666,0.3805225911945775,0.03250388070525241,0.47233018596232695,0.0461988487873072,0.09180759476774947,0.5582063670357034,0.3817344340344305,0.474371189184907,0.25609449294034214
6,ryckewaert,flavonol,lightgbm,ga,0.5490757676746688,0.0672440259796846,0.3188980118849766,0.23017775578969224,0.38109022239564744,0.03698693409976515,0.467374740130163,0.04269347792414071,0.08628451773451556,0.5561015760559722,0.3826426821768028,0.46904753050963516,0.23720356417099564
7,ryckewaert,flavonol,lightgbm,ga,0.5519697141651854,0.06987254751270891,0.32896571648020634,0.22300399768497903,0.37875971777061773,0.023785423536499997,0.46227332933197,0.04336218391429208,0.08351361156135229,0.5635202336126843,0.37943174983389477,0.4641104854624962,0.234554517132478
8,ryckewaert,flavonol,lightgbm,ga,0.5719399704599688,0.06866967972856021,0.3397267821915899,0.2322131882683789,0.3702301057463119,0.026807759803245634,0.46047744055125495,0.03671012291512875,0.09024733480494307,0.5827313212738863,0.3709876939957407,0.4616930912539497,0.24300453908229636
9,ryckewaert,flavonol,lightgbm,ga,0.5680268026835923,0.061271513100156307,0.3392686909030759,0.22875811178051642,0.37292595119402383,0.03487549185649155,0.4604010974053317,0.03772172271529246,0.08747514621130786,0.5753932544212893,0.37423556285585485,0.4616873638067478,0.23612456351821343
10,ryckewaert,flavonol,lightgbm,ga,0.5507664047597595,0.03793744761443631,0.3203088803881955,0.23045752437156397,0.38150781806893624,0.033534710551729,0.4667129678588081,0.03579023575816552,0.08520514978987187,0.5559092121314486,0.38272558253351563,0.4678464755060215,0.23560033174325312
11,ryckewaert,flavonol,lightgbm,ga,0.5730513453065942,0.06716718789793012,0.32784202139475094,0.24520932391184325,0.3704505172889204,0.03457775346194609,0.46462082277860495,0.034338648151899444,0.09417030548968452,0.5808708014475106,0.3718138550586794,0.465691934804743,0.25302878005275964
0,ryckewaert,flavonol,lightgbm,lasso,0.3969511194123864,0.11343255631995781,0.3559283281215658,0.04102279129082065,0.4393943731609168,0.04515837721412196,0.45429604162051473,0.03601696884007223,0.01490166845959795,0.40880483512080634,0.4415877806219275,0.4554691827292323,0.05287650699924057
1,ryckewaert,flavonol,lightgbm,lasso,0.3969511194123864,0.11343255631995781,0.3559283281215658,0.04102279129082065,0.4393943731609168,0.04515837721412196,0.45429604162051473,0.03601696884007223,0.01490166845959795,0.40880483512080634,0.4415877806219275,0.4554691827292323,0.05287650699924057
2,ryckewaert,flavonol,lightgbm,lasso,0.3969511194123864,0.11343255631995781,0.3559283281215658,0.04102279129082065,0.4393943731609168,0.04515837721412196,0.45429604162051473,0.03601696884007223,0.01490166845959795,0.40880483512080634,0.4415877806219275,0.4554691827292323,0.05287650699924057
3,ryckewaert,flavonol,lightgbm,lasso,0.3969511194123864,0.11343255631995781,0.3559283281215658,0.04102279129082065,0.4393943731609168,0.04515837721412196,0.45429604162051473,0.03601696884007223,0.01490166845959795,0.40880483512080634,0.4415877806219275,0.4554691827292323,0.05287650699924057
4,ryckewaert,flavonol,lightgbm,lasso,0.3969511194123864,0.11343255631995781,0.3559283281215658,0.04102279129082065,0.4393943731609168,0.04515837721412196,0.45429604162051473,0.03601696884007223,0.01490166845959795,0.40880483512080634,0.4415877806219275,0.4554691827292323,0.05287650699924057
5,ryckewaert,flavonol,lightgbm,lasso,0.3969511194123864,0.11343255631995781,0.3559283281215658,0.04102279129082065,0.4393943731609168,0.04515837721412196,0.45429604162051473,0.03601696884007223,0.01490166845959795,0.40880483512080634,0.4415877806219275,0.4554691827292323,0.05287650699924057
6,ryckewaert,flavonol,lightgbm,lasso,0.3969511194123864,0.11343255631995781,0.3559283281215658,0.04102279129082065,0.4393943731609168,0.04515837721412196,0.45429604162051473,0.03601696884007223,0.01490166845959795,0.40880483512080634,0.4415877806219275,0.4554691827292323,0.05287650699924057
7,ryckewaert,flavonol,lightgbm,lasso,0.3969511194123864,0.11343255631995781,0.3559283281215658,0.04102279129082065,0.4393943731609168,0.04515837721412196,0.45429604162051473,0.03601696884007223,0.01490166845959795,0.40880483512080634,0.4415877806219275,0.4554691827292323,0.05287650699924057
8,ryckewaert,flavonol,lightgbm,lasso,0.3969511194123864,0.11343255631995781,0.3559283281215658,0.04102279129082065,0.4393943731609168,0.04515837721412196,0.45429604162051473,0.03601696884007223,0.01490166845959795,0.40880483512080634,0.4415877806219275,0.4554691827292323,0.05287650699924057
9,ryckewaert,flavonol,lightgbm,lasso,0.3969511194123864,0.11343255631995781,0.3559283281215658,0.04102279129082065,0.4393943731609168,0.04515837721412196,0.45429604162051473,0.03601696884007223,0.01490166845959795,0.40880483512080634,0.4415877806219275,0.4554691827292323,0.05287650699924057
10,ryckewaert,flavonol,lightgbm,lasso,0.3969511194123864,0.11343255631995781,0.3559283281215658,0.04102279129082065,0.4393943731609168,0.04515837721412196,0.45429604162051473,0.03601696884007223,0.01490166845959795,0.40880483512080634,0.4415877806219275,0.4554691827292323,0.05287650699924057
11,ryckewaert,flavonol,lightgbm,lasso,0.3969511194123864,0.11343255631995781,0.3559283281215658,0.04102279129082065,0.4393943731609168,0.04515837721412196,0.45429604162051473,0.03601696884007223,0.01490166845959795,0.40880483512080634,0.4415877806219275,0.4554691827292323,0.05287650699924057
0,ryckewaert,flavonol,lightgbm,mutual_info,0.2977933820664618,0.13028895172745117,0.2974534366966001,0.00033994536986164947,0.47376678451916476,0.04105302033345494,0.46989850431638247,0.03554942067551092,-0.0038682802027822927,0.3150461773125658,0.47531580714241356,0.4711568803238274,0.017592740615965663
1,ryckewaert,flavonol,lightgbm,mutual_info,0.2977933820664618,0.13028895172745117,0.294017284463046,0.0037760976034157956,0.47376678451916476,0.04105302033345494,0.47076075154564717,0.035694980568496626,-0.0030060329735175917,0.3150461773125658,0.47531580714241356,0.4720320791666028,0.02102889284951981
2,ryckewaert,flavonol,lightgbm,mutual_info,0.2977933820664618,0.13028895172745117,0.2856750544546941,0.012118327611767676,0.47376678451916476,0.04105302033345494,0.47454195511672115,0.03027916113815288,0.000775170597556385,0.3150461773125658,0.47531580714241356,0.47544414149701064,0.02937112285787169
3,ryckewaert,flavonol,lightgbm,mutual_info,0.2977933820664618,0.13028895172745117,0.2890525619920305,0.008740820074431277,0.47376678451916476,0.04105302033345494,0.47251531181364514,0.03529035767790557,-0.0012514727055196184,0.3150461773125658,0.47531580714241356,0.4737600323916895,0.02599361532053529
4,ryckewaert,flavonol,lightgbm,mutual_info,0.2977933820664618,0.13028895172745117,0.2906397769257096,0.007153605140752195,0.47376678451916476,0.04105302033345494,0.4727873948487232,0.030865217115954868,-0.0009793896704415883,0.3150461773125658,0.47531580714241356,0.47372233128110053,0.02440640038685621
5,ryckewaert,flavonol,lightgbm,mutual_info,0.2977933820664618,0.13028895172745117,0.2914837561233922,0.006309625943069552,0.47376678451916476,0.04105302033345494,0.4720011228557893,0.035179328651354175,-0.0017656616633754396,0.3150461773125658,0.47531580714241356,0.4732363734437206,0.023562421189173566
6,ryckewaert,flavonol,lightgbm,mutual_info,0.2977933820664618,0.13028895172745117,0.294017284463046,0.0037760976034157956,0.47376678451916476,0.04105302033345494,0.47076075154564717,0.035694980568496626,-0.0030060329735175917,0.3150461773125658,0.47531580714241356,0.4720320791666028,0.02102889284951981
7,ryckewaert,flavonol,lightgbm,mutual_info,0.2977933820664618,0.13028895172745117,0.294017284463046,0.0037760976034157956,0.47376678451916476,0.04105302033345494,0.47076075154564717,0.035694980568496626,-0.0030060329735175917,0.3150461773125658,0.47531580714241356,0.4720320791666028,0.02102889284951981
8,ryckewaert,flavonol,lightgbm,mutual_info,0.2977933820664618,0.13028895172745117,0.2906397769257096,0.007153605140752195,0.47376678451916476,0.04105302033345494,0.4727873948487232,0.030865217115954868,-0.0009793896704415883,0.3150461773125658,0.47531580714241356,0.47372233128110053,0.02440640038685621
9,ryckewaert,flavonol,lightgbm,mutual_info,0.2977933820664618,0.13028895172745117,0.294017284463046,0.0037760976034157956,0.47376678451916476,0.04105302033345494,0.47076075154564717,0.035694980568496626,-0.0030060329735175917,0.3150461773125658,0.47531580714241356,0.4720320791666028,0.02102889284951981
10,ryckewaert,flavonol,lightgbm,mutual_info,0.2977933820664618,0.13028895172745117,0.28720362469215543,0.010589757374306341,0.47376678451916476,0.04105302033345494,0.4736496420779878,0.03095238406523191,-0.00011714244117694284,0.3150461773125658,0.47531580714241356,0.4745927991871193,0.027842552620410355
11,ryckewaert,flavonol,lightgbm,mutual_info,0.2977933820664618,0.13028895172745117,0.28223890222114,0.015554479845321767,0.47376678451916476,0.04105302033345494,0.4754042023459858,0.030318151683067663,0.0016374178268210304,0.3150461773125658,0.47531580714241356,0.4763114627737758,0.03280727509142578
0,ryckewaert,flavonol,lightgbm,rfe,0.2726524381607883,0.11411780042490316,0.2064374522396995,0.06621498592108882,0.4819840193577975,0.017334195390061456,0.5003901788880482,0.05150080061763228,0.018406159530250654,0.2950459336604504,0.48220534563285405,0.5028737983427685,0.0886084814207509
1,ryckewaert,flavonol,lightgbm,rfe,0.2726524381607883,0.11411780042490316,0.2064374522396995,0.06621498592108882,0.4819840193577975,0.017334195390061456,0.5003901788880482,0.05150080061763228,0.018406159530250654,0.2950459336604504,0.48220534563285405,0.5028737983427685,0.0886084814207509
2,ryckewaert,flavonol,lightgbm,rfe,0.2726524381607883,0.11411780042490316,0.2064374522396995,0.06621498592108882,0.4819840193577975,0.017334195390061456,0.5003901788880482,0.05150080061763228,0.018406159530250654,0.2950459336604504,0.48220534563285405,0.5028737983427685,0.0886084814207509
3,ryckewaert,flavonol,lightgbm,rfe,0.2726524381607883,0.11411780042490316,0.2064374522396995,0.06621498592108882,0.4819840193577975,0.017334195390061456,0.5003901788880482,0.05150080061763228,0.018406159530250654,0.2950459336604504,0.48220534563285405,0.5028737983427685,0.0886084814207509
4,ryckewaert,flavonol,lightgbm,rfe,0.2726524381607883,0.11411780042490316,0.2064374522396995,0.06621498592108882,0.4819840193577975,0.017334195390061456,0.5003901788880482,0.05150080061763228,0.018406159530250654,0.2950459336604504,0.48220534563285405,0.5028737983427685,0.0886084814207509
5,ryckewaert,flavonol,lightgbm,rfe,0.2726524381607883,0.11411780042490316,0.2064374522396995,0.06621498592108882,0.4819840193577975,0.017334195390061456,0.5003901788880482,0.05150080061763228,0.018406159530250654,0.2950459336604504,0.48220534563285405,0.5028737983427685,0.0886084814207509
6,ryckewaert,flavonol,lightgbm,rfe,0.2726524381607883,0.11411780042490316,0.2064374522396995,0.06621498592108882,0.4819840193577975,0.017334195390061456,0.5003901788880482,0.05150080061763228,0.018406159530250654,0.2950459336604504,0.48220534563285405,0.5028737983427685,0.0886084814207509
7,ryckewaert,flavonol,lightgbm,rfe,0.2726524381607883,0.11411780042490316,0.2064374522396995,0.06621498592108882,0.4819840193577975,0.017334195390061456,0.5003901788880482,0.05150080061763228,0.018406159530250654,0.2950459336604504,0.48220534563285405,0.5028737983427685,0.0886084814207509
8,ryckewaert,flavonol,lightgbm,rfe,0.2726524381607883,0.11411780042490316,0.2064374522396995,0.06621498592108882,0.4819840193577975,0.017334195390061456,0.5003901788880482,0.05150080061763228,0.018406159530250654,0.2950459336604504,0.48220534563285405,0.5028737983427685,0.0886084814207509
9,ryckewaert,flavonol,lightgbm,rfe,0.2726524381607883,0.11411780042490316,0.2064374522396995,0.06621498592108882,0.4819840193577975,0.017334195390061456,0.5003901788880482,0.05150080061763228,0.018406159530250654,0.2950459336604504,0.48220534563285405,0.5028737983427685,0.0886084814207509
10,ryckewaert,flavonol,lightgbm,rfe,0.2726524381607883,0.11411780042490316,0.2064374522396995,0.06621498592108882,0.4819840193577975,0.017334195390061456,0.5003901788880482,0.05150080061763228,0.018406159530250654,0.2950459336604504,0.48220534563285405,0.5028737983427685,0.0886084814207509
11,ryckewaert,flavonol,lightgbm,rfe,0.2726524381607883,0.11411780042490316,0.2064374522396995,0.06621498592108882,0.4819840193577975,0.017334195390061456,0.5003901788880482,0.05150080061763228,0.018406159530250654,0.2950459336604504,0.48220534563285405,0.5028737983427685,0.0886084814207509
0,ryckewaert,flavonol,pls,ga,0.6114060221670944,0.07375768386727255,0.2903629163273764,0.321043105839718,0.35325839323586655,0.038242261336395855,0.47293158959286385,0.08487929830387678,0.1196731963569973,0.6174895366539911,0.3552002561825026,0.4802888589066293,0.3271266203266147
1,ryckewaert,flavonol,pls,ga,0.6128222764710014,0.059783896246933754,0.28712646088578603,0.3256958155852154,0.3534692814912762,0.035605864503780865,0.47492409269890146,0.08357995292279356,0.12145481120762525,0.617503390976946,0.3551938235432748,0.48198995379266557,0.3303769300911599
2,ryckewaert,flavonol,pls,ga,0.5983139785102185,0.0958456359321611,0.22729831436016115,0.3710156641500574,0.35933293535322747,0.052663207837601506,0.49585023967134934,0.09428717835740685,0.13651730431812187,0.600324441523414,0.36308257415901624,0.5041485267206678,0.3730261271632529
3,ryckewaert,flavonol,pls,ga,0.6158962223803541,0.07618783244701838,0.23386235593061758,0.3820338664497366,0.3517079027758252,0.04208739688375039,0.49482931569786565,0.08405887241789597,0.14312141292204045,0.6197953409137993,0.3541280498510517,0.5014528987041585,0.38593298498318174
4,ryckewaert,flavonol,pls,ga,0.596671205412988,0.07993965440886727,0.3039217026325017,0.29274950278048634,0.3602450387304533,0.04347276993886133,0.4670123686912733,0.0856320438955603,0.10676732996082,0.6009391761692833,0.3628032409300287,0.47472458439866,0.2970174735367816
5,ryckewaert,flavonol,pls,ga,0.6104235071441045,0.07365717123994936,0.2725519275376338,0.33787157960647074,0.3536971306595637,0.037130260977999555,0.4780004862613465,0.08252984489812269,0.1243033556017828,0.6166490114185328,0.35559029904024636,0.4848579372218027,0.344097083880899
6,ryckewaert,flavonol,pls,ga,0.6113746904054048,0.07075183426791032,0.2999636212656518,0.311411069139753,0.353961740027487,0.041102950527010435,0.46722109151193003,0.07957538080966943,0.11325935148444305,0.6153130335855483,0.3562093760667248,0.47396375593840184,0.31534941231989655
7,ryckewaert,flavonol,pls,ga,0.6088574280821939,0.07991178263726728,0.2886810570837485,0.32017637099844537,0.3544945131304956,0.042644707362489785,0.47317269859795774,0.08911869413898849,0.11867818546746212,0.6137302863570232,0.35694141371200083,0.48133380081505267,0.3250492292732747
8,ryckewaert,flavonol,pls,ga,0.6321783782239075,0.08713463451528942,0.24445463227486672,0.3877237459490408,0.34447329035217056,0.05513456914190575,0.4905154513020877,0.08804411095436898,0.14604216094991712,0.631465196121979,0.34865095947301084,0.49793122281472507,0.3870105638471123
9,ryckewaert,flavonol,pls,ga,0.6276217692066899,0.06296586712592693,0.2523346940128689,0.375287075193821,0.3470220961533857,0.04194560694965667,0.48753005483215067,0.09502432498874801,0.14050795867876498,0.6298549834647768,0.3494117971122654,0.4962034150760416,0.37752028945190785
10,ryckewaert,flavonol,pls,ga,0.6285127824114145,0.06450246883465711,0.2639006804131109,0.36461210199830363,0.3465360585097733,0.04246943273059566,0.48204595636435926,0.07965768979449556,0.13550989785458595,0.6308037838264552,0.348963682526492,0.48843060079118933,0.3669031034133443
11,ryckewaert,flavonol,pls,ga,0.6244623097029279,0.05086845119704745,0.26576805917299495,0.358694250529933,0.34832476908491394,0.03371368277457062,0.4838729748889584,0.0832082064873881,0.13554820580404447,0.6288734358486443,0.34987477410053663,0.4905644031312822,0.36310537667564935
0,ryckewaert,flavonol,pls,lasso,0.5952126589408168,0.06670726029871861,0.41089119193167545,0.18432146700914132,0.3632137280259028,0.05399873998680074,0.43168634521642274,0.04869695230030559,0.06847261719051995,0.5919872037883033,0.3668499823023213,0.4344027133779043,0.18109601185662783
1,ryckewaert,flavonol,pls,lasso,0.5952126589408168,0.06670726029871861,0.41089119193167545,0.18432146700914132,0.3632137280259028,0.05399873998680074,0.43168634521642274,0.04869695230030559,0.06847261719051995,0.5919872037883033,0.3668499823023213,0.4344027133779043,0.18109601185662783
2,ryckewaert,flavonol,pls,lasso,0.5952126589408168,0.06670726029871861,0.41089119193167545,0.18432146700914132,0.3632137280259028,0.05399873998680074,0.43168634521642274,0.04869695230030559,0.06847261719051995,0.5919872037883033,0.3668499823023213,0.4344027133779043,0.18109601185662783
3,ryckewaert,flavonol,pls,lasso,0.5952126589408168,0.06670726029871861,0.41089119193167545,0.18432146700914132,0.3632137280259028,0.05399873998680074,0.43168634521642274,0.04869695230030559,0.06847261719051995,0.5919872037883033,0.3668499823023213,0.4344027133779043,0.18109601185662783
4,ryckewaert,flavonol,pls,lasso,0.5952126589408168,0.06670726029871861,0.41089119193167545,0.18432146700914132,0.3632137280259028,0.05399873998680074,0.43168634521642274,0.04869695230030559,0.06847261719051995,0.5919872037883033,0.3668499823023213,0.4344027133779043,0.18109601185662783
5,ryckewaert,flavonol,pls,lasso,0.5952126589408168,0.06670726029871861,0.41089119193167545,0.18432146700914132,0.3632137280259028,0.05399873998680074,0.43168634521642274,0.04869695230030559,0.06847261719051995,0.5919872037883033,0.3668499823023213,0.4344027133779043,0.18109601185662783
6,ryckewaert,flavonol,pls,lasso,0.5952126589408168,0.06670726029871861,0.41089119193167545,0.18432146700914132,0.3632137280259028,0.05399873998680074,0.43168634521642274,0.04869695230030559,0.06847261719051995,0.5919872037883033,0.3668499823023213,0.4344027133779043,0.18109601185662783
7,ryckewaert,flavonol,pls,lasso,0.5952126589408168,0.06670726029871861,0.41089119193167545,0.18432146700914132,0.3632137280259028,0.05399873998680074,0.43168634521642274,0.04869695230030559,0.06847261719051995,0.5919872037883033,0.3668499823023213,0.4344027133779043,0.18109601185662783
8,ryckewaert,flavonol,pls,lasso,0.5952126589408168,0.06670726029871861,0.41089119193167545,0.18432146700914132,0.3632137280259028,0.05399873998680074,0.43168634521642274,0.04869695230030559,0.06847261719051995,0.5919872037883033,0.3668499823023213,0.4344027133779043,0.18109601185662783
9,ryckewaert,flavonol,pls,lasso,0.5952126589408168,0.06670726029871861,0.41089119193167545,0.18432146700914132,0.3632137280259028,0.05399873998680074,0.43168634521642274,0.04869695230030559,0.06847261719051995,0.5919872037883033,0.3668499823023213,0.4344027133779043,0.18109601185662783
10,ryckewaert,flavonol,pls,lasso,0.5952126589408168,0.06670726029871861,0.41089119193167545,0.18432146700914132,0.3632137280259028,0.05399873998680074,0.43168634521642274,0.04869695230030559,0.06847261719051995,0.5919872037883033,0.3668499823023213,0.4344027133779043,0.18109601185662783
11,ryckewaert,flavonol,pls,lasso,0.5952126589408168,0.06670726029871861,0.41089119193167545,0.18432146700914132,0.3632137280259028,0.05399873998680074,0.43168634521642274,0.04869695230030559,0.06847261719051995,0.5919872037883033,0.3668499823023213,0.4344027133779043,0.18109601185662783
0,ryckewaert,flavonol,pls,mutual_info,0.3024405507086665,0.09431925410030904,0.2914596642971642,0.0109808864115023,0.4732393989375893,0.02858416584422366,0.476384183582394,0.03931060179798296,0.0031447846448046657,0.3193746569055994,0.47381157767759713,0.4776095659276444,0.02791499260843522
1,ryckewaert,flavonol,pls,mutual_info,0.3024405507086665,0.09431925410030904,0.2798508230421404,0.022589727666526116,0.4732393989375893,0.02858416584422366,0.4792793216595653,0.03941789924511849,0.00603992272197601,0.3193746569055994,0.47381157767759713,0.4805202666701088,0.039523833863459035
2,ryckewaert,flavonol,pls,mutual_info,0.3024405507086665,0.09431925410030904,0.2821260438061266,0.020314506902539886,0.4732393989375893,0.02858416584422366,0.47978781503535595,0.03704383609674175,0.0065484160977666295,0.3193746569055994,0.47381157767759713,0.48084028713792903,0.037248613099472805
3,ryckewaert,flavonol,pls,mutual_info,0.3024405507086665,0.09431925410030904,0.27142186909830207,0.031018681610364418,0.4732393989375893,0.02858416584422366,0.48233790174778585,0.037063337011488985,0.00909850281019653,0.3193746569055994,0.47381157767759713,0.4833987639238797,0.04795278780729734
4,ryckewaert,flavonol,pls,mutual_info,0.3024405507086665,0.09431925410030904,0.2905549977499649,0.011885552958701584,0.4732393989375893,0.02858416584422366,0.4767292349471354,0.03920110118797205,0.00348983600954611,0.3193746569055994,0.47381157767759713,0.4779463813572226,0.028819659155634503
5,ryckewaert,flavonol,pls,mutual_info,0.3024405507086665,0.09431925410030904,0.27098553093214023,0.03145501977652626,0.4732393989375893,0.02858416584422366,0.48361405006360875,0.034843236136354476,0.01037465112601943,0.3193746569055994,0.47381157767759713,0.48451283075106316,0.04838912597345918
6,ryckewaert,flavonol,pls,mutual_info,0.3024405507086665,0.09431925410030904,0.2798508230421404,0.022589727666526116,0.4732393989375893,0.02858416584422366,0.4792793216595653,0.03941789924511849,0.00603992272197601,0.3193746569055994,0.47381157767759713,0.4805202666701088,0.039523833863459035
7,ryckewaert,flavonol,pls,mutual_info,0.3024405507086665,0.09431925410030904,0.2798508230421404,0.022589727666526116,0.4732393989375893,0.02858416584422366,0.4792793216595653,0.03941789924511849,0.00603992272197601,0.3193746569055994,0.47381157767759713,0.4805202666701088,0.039523833863459035
8,ryckewaert,flavonol,pls,mutual_info,0.3024405507086665,0.09431925410030904,0.2905549977499649,0.011885552958701584,0.4732393989375893,0.02858416584422366,0.4767292349471354,0.03920110118797205,0.00348983600954611,0.3193746569055994,0.47381157767759713,0.4779463813572226,0.028819659155634503
9,ryckewaert,flavonol,pls,mutual_info,0.3024405507086665,0.09431925410030904,0.2798508230421404,0.022589727666526116,0.4732393989375893,0.02858416584422366,0.4792793216595653,0.03941789924511849,0.00603992272197601,0.3193746569055994,0.47381157767759713,0.4805202666701088,0.039523833863459035
10,ryckewaert,flavonol,pls,mutual_info,0.3024405507086665,0.09431925410030904,0.2789461564949411,0.0234943942137254,0.4732393989375893,0.02858416584422366,0.4796243730243067,0.03928327581603995,0.006384974086717399,0.3193746569055994,0.47381157767759713,0.4808550433005598,0.04042850041065832
11,ryckewaert,flavonol,pls,mutual_info,0.3024405507086665,0.09431925410030904,0.2705172025511028,0.0319233481575637,0.4732393989375893,0.02858416584422366,0.4826829531125273,0.03689153282124156,0.009443554174937974,0.3193746569055994,0.47381157767759713,0.4837315484336385,0.04885745435449662
0,ryckewaert,flavonol,pls,rfe,0.24944049873632865,0.09710740965883023,0.23881320378647258,0.010627294949856064,0.49228122918467526,0.046089648125803906,0.49297326702829203,0.034895507237386894,0.0006920378436167662,0.2595891110353745,0.49418323628118344,0.49397528170738,0.020775907248901937
1,ryckewaert,flavonol,pls,rfe,0.24944049873632865,0.09710740965883023,0.23881320378647258,0.010627294949856064,0.49228122918467526,0.046089648125803906,0.49297326702829203,0.034895507237386894,0.0006920378436167662,0.2595891110353745,0.49418323628118344,0.49397528170738,0.020775907248901937
2,ryckewaert,flavonol,pls,rfe,0.24944049873632865,0.09710740965883023,0.23881320378647258,0.010627294949856064,0.49228122918467526,0.046089648125803906,0.49297326702829203,0.034895507237386894,0.0006920378436167662,0.2595891110353745,0.49418323628118344,0.49397528170738,0.020775907248901937
3,ryckewaert,flavonol,pls,rfe,0.24944049873632865,0.09710740965883023,0.23881320378647258,0.010627294949856064,0.49228122918467526,0.046089648125803906,0.49297326702829203,0.034895507237386894,0.0006920378436167662,0.2595891110353745,0.49418323628118344,0.49397528170738,0.020775907248901937
4,ryckewaert,flavonol,pls,rfe,0.24944049873632865,0.09710740965883023,0.23881320378647258,0.010627294949856064,0.49228122918467526,0.046089648125803906,0.49297326702829203,0.034895507237386894,0.0006920378436167662,0.2595891110353745,0.49418323628118344,0.49397528170738,0.020775907248901937
5,ryckewaert,flavonol,pls,rfe,0.24944049873632865,0.09710740965883023,0.23881320378647258,0.010627294949856064,0.49228122918467526,0.046089648125803906,0.49297326702829203,0.034895507237386894,0.0006920378436167662,0.2595891110353745,0.49418323628118344,0.49397528170738,0.020775907248901937
6,ryckewaert,flavonol,pls,rfe,0.24944049873632865,0.09710740965883023,0.23881320378647258,0.010627294949856064,0.49228122918467526,0.046089648125803906,0.49297326702829203,0.034895507237386894,0.0006920378436167662,0.2595891110353745,0.49418323628118344,0.49397528170738,0.020775907248901937
7,ryckewaert,flavonol,pls,rfe,0.24944049873632865,0.09710740965883023,0.23881320378647258,0.010627294949856064,0.49228122918467526,0.046089648125803906,0.49297326702829203,0.034895507237386894,0.0006920378436167662,0.2595891110353745,0.49418323628118344,0.49397528170738,0.020775907248901937
8,ryckewaert,flavonol,pls,rfe,0.24944049873632865,0.09710740965883023,0.23881320378647258,0.010627294949856064,0.49228122918467526,0.046089648125803906,0.49297326702829203,0.034895507237386894,0.0006920378436167662,0.2595891110353745,0.49418323628118344,0.49397528170738,0.020775907248901937
9,ryckewaert,flavonol,pls,rfe,0.24944049873632865,0.09710740965883023,0.23881320378647258,0.010627294949856064,0.49228122918467526,0.046089648125803906,0.49297326702829203,0.034895507237386894,0.0006920378436167662,0.2595891110353745,0.49418323628118344,0.49397528170738,0.020775907248901937
10,ryckewaert,flavonol,pls,rfe,0.24944049873632865,0.09710740965883023,0.23881320378647258,0.010627294949856064,0.49228122918467526,0.046089648125803906,0.49297326702829203,0.034895507237386894,0.0006920378436167662,0.2595891110353745,0.49418323628118344,0.49397528170738,0.020775907248901937
11,ryckewaert,flavonol,pls,rfe,0.24944049873632865,0.09710740965883023,0.23881320378647258,0.010627294949856064,0.49228122918467526,0.046089648125803906,0.49297326702829203,0.034895507237386894,0.0006920378436167662,0.2595891110353745,0.49418323628118344,0.49397528170738,0.020775907248901937
