seed,dataset,target,model,selector,apparent_r2,nested_r2,bias,apparent_rmse,nested_rmse,bias_rmse,apparent_mae,nested_mae,bias_mae
0,deep_patato,chlorophyll,pls,ga,0.810021595253321,0.460749806194635,0.34927178905868594,3.051568472712369,4.886909960129051,1.8353414874166822,2.4182679758958106,3.6187450988409657,1.2004771229451552
1,deep_patato,chlorophyll,pls,ga,0.8120534088099152,0.47457442221559826,0.3374789865943169,3.035206388729178,4.832881444772595,1.7976750560434174,2.3773187716860056,3.5743086988666337,1.1969899271806281
2,deep_patato,chlorophyll,pls,ga,0.8016137889007915,0.4033841317641711,0.3982296571366204,3.1183635297172536,5.084790264018777,1.9664267343015238,2.487507802496308,3.621029605076433,1.133521802580125
3,deep_patato,chlorophyll,pls,ga,0.812641693045612,0.41611893897507307,0.3965227540705389,3.030452475712639,5.064405151037549,2.0339526753249104,2.3822629792726784,3.617608425484698,1.2353454462120195
4,deep_patato,chlorophyll,pls,ga,0.8049748734072657,0.46127178499122523,0.34370308841604047,3.0918348301284153,4.968352323444606,1.8765174933161903,2.480047229923572,3.5077197810111036,1.0276725510875315
5,deep_patato,chlorophyll,pls,ga,0.815744696722793,0.5020718255897663,0.3136728711330268,3.0052527233568513,4.72184349895399,1.7165907755971386,2.3436342178533005,3.484150425617915,1.1405162077646147
6,deep_patato,chlorophyll,pls,ga,0.8096475912453233,0.47137620021511994,0.3382713910302033,3.054570755219679,4.845232306355065,1.7906615511353863,2.4279928404833577,3.471133997574407,1.0431411570910494
7,deep_patato,chlorophyll,pls,ga,0.8026825414445578,0.44509368666930077,0.357588854775257,3.1099525125046865,4.969169098877567,1.859216586372881,2.4740450368628673,3.547857052111988,1.0738120152491208
8,deep_patato,chlorophyll,pls,ga,0.8161553904585508,0.4418307536124659,0.3743246368460849,3.001901593229664,4.9306495422409355,1.9287479490112713,2.3958736264100184,3.6019300494301114,1.206056423020093
9,deep_patato,chlorophyll,pls,ga,0.8124642687316117,0.37151595546376964,0.44094831326784206,3.0318870230478425,5.146150827113662,2.114263804065819,2.395344045072245,3.598351928879882,1.2030078838076368
10,deep_patato,chlorophyll,pls,ga,0.7986933893670785,0.3999708101562205,0.39872257921085796,3.1412320464856216,5.125907700435883,1.9846756539502617,2.4948871836588946,3.5240464707057644,1.0291592870468698
11,deep_patato,chlorophyll,pls,ga,0.7932511059961597,0.4538695940212392,0.33938151197492045,3.1834101638509353,4.949421734196335,1.7660115703453996,2.539951593638208,3.5646618137808366,1.0247102201426284
0,deep_patato,chlorophyll,pls,lasso,0.737001098104118,0.47671337754074783,0.26028772056337013,3.590442439052524,4.8301023145468385,1.2396598754943144,2.7863399127657034,3.708927853310086,0.9225879405443824
1,deep_patato,chlorophyll,pls,lasso,0.737001098104118,0.47671337754074783,0.26028772056337013,3.590442439052524,4.8301023145468385,1.2396598754943144,2.7863399127657034,3.708927853310086,0.9225879405443824
2,deep_patato,chlorophyll,pls,lasso,0.737001098104118,0.47671337754074783,0.26028772056337013,3.590442439052524,4.8301023145468385,1.2396598754943144,2.7863399127657034,3.708927853310086,0.9225879405443824
3,deep_patato,chlorophyll,pls,lasso,0.737001098104118,0.47671337754074783,0.26028772056337013,3.590442439052524,4.8301023145468385,1.2396598754943144,2.7863399127657034,3.708927853310086,0.9225879405443824
4,deep_patato,chlorophyll,pls,lasso,0.737001098104118,0.47671337754074783,0.26028772056337013,3.590442439052524,4.8301023145468385,1.2396598754943144,2.7863399127657034,3.708927853310086,0.9225879405443824
5,deep_patato,chlorophyll,pls,lasso,0.737001098104118,0.47671337754074783,0.26028772056337013,3.590442439052524,4.8301023145468385,1.2396598754943144,2.7863399127657034,3.708927853310086,0.9225879405443824
6,deep_patato,chlorophyll,pls,lasso,0.737001098104118,0.47671337754074783,0.26028772056337013,3.590442439052524,4.8301023145468385,1.2396598754943144,2.7863399127657034,3.708927853310086,0.9225879405443824
7,deep_patato,chlorophyll,pls,lasso,0.737001098104118,0.47671337754074783,0.26028772056337013,3.590442439052524,4.8301023145468385,1.2396598754943144,2.7863399127657034,3.708927853310086,0.9225879405443824
8,deep_patato,chlorophyll,pls,lasso,0.737001098104118,0.47671337754074783,0.26028772056337013,3.590442439052524,4.8301023145468385,1.2396598754943144,2.7863399127657034,3.708927853310086,0.9225879405443824
9,deep_patato,chlorophyll,pls,lasso,0.737001098104118,0.47671337754074783,0.26028772056337013,3.590442439052524,4.8301023145468385,1.2396598754943144,2.7863399127657034,3.708927853310086,0.9225879405443824
10,deep_patato,chlorophyll,pls,lasso,0.737001098104118,0.47671337754074783,0.26028772056337013,3.590442439052524,4.8301023145468385,1.2396598754943144,2.7863399127657034,3.708927853310086,0.9225879405443824
11,deep_patato,chlorophyll,pls,lasso,0.737001098104118,0.47671337754074783,0.26028772056337013,3.590442439052524,4.8301023145468385,1.2396598754943144,2.7863399127657034,3.708927853310086,0.9225879405443824
0,deep_patato,chlorophyll,pls,mutual_info,0.6892434936978041,0.6488300803113706,0.04041341338643356,3.902843313868925,3.902461589431011,-0.00038172443791406607,3.1029724435578045,3.1252471693183796,0.022274725760575098
1,deep_patato,chlorophyll,pls,mutual_info,0.6892434936978041,0.6488300803113706,0.04041341338643356,3.902843313868925,3.902461589431011,-0.00038172443791406607,3.1029724435578045,3.1252471693183796,0.022274725760575098
2,deep_patato,chlorophyll,pls,mutual_info,0.6892434936978041,0.6502961329714809,0.03894736072632321,3.902843313868925,3.8850676701548283,-0.017775643714096567,3.1029724435578045,3.0988482844436422,-0.004124159114162307
3,deep_patato,chlorophyll,pls,mutual_info,0.6892434936978041,0.6376909549067291,0.05155253879107502,3.902843313868925,3.993307005907861,0.09046369203893612,3.1029724435578045,3.1869633301643137,0.08399088660650911
4,deep_patato,chlorophyll,pls,mutual_info,0.6892434936978041,0.6362223178974024,0.053021175800401776,3.902843313868925,4.0006359571760495,0.09779264330712456,3.1029724435578045,3.251405461989964,0.1484330184321596
5,deep_patato,chlorophyll,pls,mutual_info,0.6892434936978041,0.6376909549067291,0.05155253879107502,3.902843313868925,3.993307005907861,0.09046369203893612,3.1029724435578045,3.1869633301643137,0.08399088660650911
6,deep_patato,chlorophyll,pls,mutual_info,0.6892434936978041,0.6376909549067291,0.05155253879107502,3.902843313868925,3.993307005907861,0.09046369203893612,3.1029724435578045,3.1869633301643137,0.08399088660650911
7,deep_patato,chlorophyll,pls,mutual_info,0.6892434936978041,0.6471688031638756,0.04207469053392854,3.902843313868925,3.910820397604935,0.007977083736010027,3.1029724435578045,3.1731924865457226,0.07022004298791806
8,deep_patato,chlorophyll,pls,mutual_info,0.6892434936978041,0.6376909549067291,0.05155253879107502,3.902843313868925,3.993307005907861,0.09046369203893612,3.1029724435578045,3.1869633301643137,0.08399088660650911
9,deep_patato,chlorophyll,pls,mutual_info,0.6892434936978041,0.6474630210931162,0.04178047260468798,3.902843313868925,3.909656380127139,0.0068130662582142065,3.1029724435578045,3.137411484455966,0.03443904089816163
10,deep_patato,chlorophyll,pls,mutual_info,0.6892434936978041,0.6390580141249835,0.0501854795728206,3.902843313868925,3.986263198754991,0.08341988488606589,3.1029724435578045,3.1747990150267267,0.07182657146892213
11,deep_patato,chlorophyll,pls,mutual_info,0.6892434936978041,0.6375893771156568,0.05165411658214736,3.902843313868925,3.9936050766400895,0.09076176277116454,3.1029724435578045,3.239241146852377,0.13626870329457264
0,deep_patato,chlorophyll,pls,rfe,0.5956536782133807,0.6020425649495799,-0.006388886736199195,4.451924078827389,4.1091183478447615,-0.34280573098262757,3.4680957257966196,3.2417962182006588,-0.22629950759596085
1,deep_patato,chlorophyll,pls,rfe,0.5956536782133807,0.6020425649495799,-0.006388886736199195,4.451924078827389,4.1091183478447615,-0.34280573098262757,3.4680957257966196,3.2417962182006588,-0.22629950759596085
2,deep_patato,chlorophyll,pls,rfe,0.5956536782133807,0.6020425649495799,-0.006388886736199195,4.451924078827389,4.1091183478447615,-0.34280573098262757,3.4680957257966196,3.2417962182006588,-0.22629950759596085
3,deep_patato,chlorophyll,pls,rfe,0.5956536782133807,0.6020425649495799,-0.006388886736199195,4.451924078827389,4.1091183478447615,-0.34280573098262757,3.4680957257966196,3.2417962182006588,-0.22629950759596085
4,deep_patato,chlorophyll,pls,rfe,0.5956536782133807,0.6020425649495799,-0.006388886736199195,4.451924078827389,4.1091183478447615,-0.34280573098262757,3.4680957257966196,3.2417962182006588,-0.22629950759596085
5,deep_patato,chlorophyll,pls,rfe,0.5956536782133807,0.6020425649495799,-0.006388886736199195,4.451924078827389,4.1091183478447615,-0.34280573098262757,3.4680957257966196,3.2417962182006588,-0.22629950759596085
6,deep_patato,chlorophyll,pls,rfe,0.5956536782133807,0.6020425649495799,-0.006388886736199195,4.451924078827389,4.1091183478447615,-0.34280573098262757,3.4680957257966196,3.2417962182006588,-0.22629950759596085
7,deep_patato,chlorophyll,pls,rfe,0.5956536782133807,0.6020425649495799,-0.006388886736199195,4.451924078827389,4.1091183478447615,-0.34280573098262757,3.4680957257966196,3.2417962182006588,-0.22629950759596085
8,deep_patato,chlorophyll,pls,rfe,0.5956536782133807,0.6020425649495799,-0.006388886736199195,4.451924078827389,4.1091183478447615,-0.34280573098262757,3.4680957257966196,3.2417962182006588,-0.22629950759596085
9,deep_patato,chlorophyll,pls,rfe,0.5956536782133807,0.6020425649495799,-0.006388886736199195,4.451924078827389,4.1091183478447615,-0.34280573098262757,3.4680957257966196,3.2417962182006588,-0.22629950759596085
10,deep_patato,chlorophyll,pls,rfe,0.5956536782133807,0.6020425649495799,-0.006388886736199195,4.451924078827389,4.1091183478447615,-0.34280573098262757,3.4680957257966196,3.2417962182006588,-0.22629950759596085
11,deep_patato,chlorophyll,pls,rfe,0.5956536782133807,0.6020425649495799,-0.006388886736199195,4.451924078827389,4.1091183478447615,-0.34280573098262757,3.4680957257966196,3.2417962182006588,-0.22629950759596085
0,ryckewaert,chlorophyll,pls,ga,0.8861541941376332,0.7854861936227902,0.10066800051484304,3.1385322548237484,4.287762720625502,1.1492304658017538,2.315706712371958,3.1427786028049183,0.8270718904329604
1,ryckewaert,chlorophyll,pls,ga,0.8860651364972998,0.7666892933278945,0.1193758431694053,3.139759597514021,4.463888089273449,1.3241284917594278,2.356116284985979,3.229320428648241,0.873204143662262
2,ryckewaert,chlorophyll,pls,ga,0.883756994853746,0.7787257169320883,0.10503127792165778,3.171403439997067,4.351832595501432,1.1804291555043651,2.354322133001885,3.127246098239115,0.7729239652372302
3,ryckewaert,chlorophyll,pls,ga,0.88629587153913,0.7812123699141844,0.10508350162494562,3.1365787462245525,4.32915427664696,1.192575530422408,2.3114439918340577,3.165876444460683,0.8544324526266251
4,ryckewaert,chlorophyll,pls,ga,0.8816993220968121,0.7720823696359078,0.1096169524609043,3.199349571376336,4.430818857803416,1.2314692864270804,2.373721345218225,3.1457070157305096,0.7719856705122847
5,ryckewaert,chlorophyll,pls,ga,0.8860472225051097,0.7966016374339395,0.08944558507117017,3.140006420200584,4.155277353292253,1.015270933091669,2.331111973697034,3.121368923888796,0.790256950191762
6,ryckewaert,chlorophyll,pls,ga,0.8849621892710949,0.7984435098469103,0.08651867942418467,3.1549202273777346,4.121255098167625,0.9663348707898902,2.327015919805256,3.0683589629420047,0.7413430431367489
7,ryckewaert,chlorophyll,pls,ga,0.8857022928609538,0.7981146418588686,0.08758765100208521,3.144755154501614,4.12059443020572,0.9758392757041054,2.2943744026520982,3.0164137507008646,0.7220393480487663
8,ryckewaert,chlorophyll,pls,ga,0.8876680558114692,0.7832523141051263,0.10441574170634293,3.117595143264941,4.281323157046651,1.1637280137817099,2.315838012291036,3.1595566225913,0.8437186103002641
9,ryckewaert,chlorophyll,pls,ga,0.8814907963109877,0.7920386397540203,0.08945215655696737,3.2021680385362874,4.195064042733015,0.9928960041967274,2.359137973899596,3.1255465122222508,0.7664085383226547
10,ryckewaert,chlorophyll,pls,ga,0.8857826298948018,0.7532030716697357,0.13257955822506617,3.14364977488867,4.636947192890116,1.4932974180014456,2.331483733322677,3.2526523114886308,0.9211685781659535
11,ryckewaert,chlorophyll,pls,ga,0.8853961181744776,0.7563621145858084,0.12903400358866923,3.1489643399065472,4.585220198988806,1.4362558590822592,2.3530672829771704,3.212305188903768,0.8592379059265975
0,ryckewaert,chlorophyll,pls,lasso,0.8694490788439728,0.8531390173554021,0.016310061488570726,3.3609190221474265,3.5285696293457764,0.1676506071983499,2.4531630594405724,2.587703666843803,0.1345406074032307
1,ryckewaert,chlorophyll,pls,lasso,0.8694490788439728,0.8531390173554021,0.016310061488570726,3.3609190221474265,3.5285696293457764,0.1676506071983499,2.4531630594405724,2.587703666843803,0.1345406074032307
2,ryckewaert,chlorophyll,pls,lasso,0.8694490788439728,0.8531390173554021,0.016310061488570726,3.3609190221474265,3.5285696293457764,0.1676506071983499,2.4531630594405724,2.587703666843803,0.1345406074032307
3,ryckewaert,chlorophyll,pls,lasso,0.8694490788439728,0.8531390173554021,0.016310061488570726,3.3609190221474265,3.5285696293457764,0.1676506071983499,2.4531630594405724,2.587703666843803,0.1345406074032307
4,ryckewaert,chlorophyll,pls,lasso,0.8694490788439728,0.8531390173554021,0.016310061488570726,3.3609190221474265,3.5285696293457764,0.1676506071983499,2.4531630594405724,2.587703666843803,0.1345406074032307
5,ryckewaert,chlorophyll,pls,lasso,0.8694490788439728,0.8531390173554021,0.016310061488570726,3.3609190221474265,3.5285696293457764,0.1676506071983499,2.4531630594405724,2.587703666843803,0.1345406074032307
6,ryckewaert,chlorophyll,pls,lasso,0.8694490788439728,0.8531390173554021,0.016310061488570726,3.3609190221474265,3.5285696293457764,0.1676506071983499,2.4531630594405724,2.587703666843803,0.1345406074032307
7,ryckewaert,chlorophyll,pls,lasso,0.8694490788439728,0.8531390173554021,0.016310061488570726,3.3609190221474265,3.5285696293457764,0.1676506071983499,2.4531630594405724,2.587703666843803,0.1345406074032307
8,ryckewaert,chlorophyll,pls,lasso,0.8694490788439728,0.8531390173554021,0.016310061488570726,3.3609190221474265,3.5285696293457764,0.1676506071983499,2.4531630594405724,2.587703666843803,0.1345406074032307
9,ryckewaert,chlorophyll,pls,lasso,0.8694490788439728,0.8531390173554021,0.016310061488570726,3.3609190221474265,3.5285696293457764,0.1676506071983499,2.4531630594405724,2.587703666843803,0.1345406074032307
10,ryckewaert,chlorophyll,pls,lasso,0.8694490788439728,0.8531390173554021,0.016310061488570726,3.3609190221474265,3.5285696293457764,0.1676506071983499,2.4531630594405724,2.587703666843803,0.1345406074032307
11,ryckewaert,chlorophyll,pls,lasso,0.8694490788439728,0.8531390173554021,0.016310061488570726,3.3609190221474265,3.5285696293457764,0.1676506071983499,2.4531630594405724,2.587703666843803,0.1345406074032307
0,ryckewaert,chlorophyll,pls,mutual_info,0.8567857313324931,0.8450349834152282,0.011750747917264937,3.5201504320614525,3.629421616160948,0.10927118409949532,2.4465577755416597,2.545048622559999,0.09849084701833943
1,ryckewaert,chlorophyll,pls,mutual_info,0.8567857313324931,0.8450349834152282,0.011750747917264937,3.5201504320614525,3.629421616160948,0.10927118409949532,2.4465577755416597,2.545048622559999,0.09849084701833943
2,ryckewaert,chlorophyll,pls,mutual_info,0.8567857313324931,0.8450349834152282,0.011750747917264937,3.5201504320614525,3.629421616160948,0.10927118409949532,2.4465577755416597,2.545048622559999,0.09849084701833943
3,ryckewaert,chlorophyll,pls,mutual_info,0.8567857313324931,0.8450349834152282,0.011750747917264937,3.5201504320614525,3.629421616160948,0.10927118409949532,2.4465577755416597,2.545048622559999,0.09849084701833943
4,ryckewaert,chlorophyll,pls,mutual_info,0.8567857313324931,0.8444969567351859,0.012288774597307262,3.5201504320614525,3.6355824550227163,0.11543202296126376,2.4465577755416597,2.554771227450266,0.1082134519086062
5,ryckewaert,chlorophyll,pls,mutual_info,0.8567857313324931,0.8450349834152282,0.011750747917264937,3.5201504320614525,3.629421616160948,0.10927118409949532,2.4465577755416597,2.545048622559999,0.09849084701833943
6,ryckewaert,chlorophyll,pls,mutual_info,0.8567857313324931,0.8450349834152282,0.011750747917264937,3.5201504320614525,3.629421616160948,0.10927118409949532,2.4465577755416597,2.545048622559999,0.09849084701833943
7,ryckewaert,chlorophyll,pls,mutual_info,0.8567857313324931,0.8450349834152282,0.011750747917264937,3.5201504320614525,3.629421616160948,0.10927118409949532,2.4465577755416597,2.545048622559999,0.09849084701833943
8,ryckewaert,chlorophyll,pls,mutual_info,0.8567857313324931,0.8450349834152282,0.011750747917264937,3.5201504320614525,3.629421616160948,0.10927118409949532,2.4465577755416597,2.545048622559999,0.09849084701833943
9,ryckewaert,chlorophyll,pls,mutual_info,0.8567857313324931,0.8450349834152282,0.011750747917264937,3.5201504320614525,3.629421616160948,0.10927118409949532,2.4465577755416597,2.545048622559999,0.09849084701833943
10,ryckewaert,chlorophyll,pls,mutual_info,0.8567857313324931,0.8450349834152282,0.011750747917264937,3.5201504320614525,3.629421616160948,0.10927118409949532,2.4465577755416597,2.545048622559999,0.09849084701833943
11,ryckewaert,chlorophyll,pls,mutual_info,0.8567857313324931,0.8450349834152282,0.011750747917264937,3.5201504320614525,3.629421616160948,0.10927118409949532,2.4465577755416597,2.545048622559999,0.09849084701833943
0,ryckewaert,chlorophyll,pls,rfe,0.8535537958694437,0.8372044852813227,0.016349310588120947,3.5596486863690466,3.7262854150614766,0.16663672869242996,2.5139467755291096,2.691164894901837,0.17721811937272758
1,ryckewaert,chlorophyll,pls,rfe,0.8535537958694437,0.8372044852813227,0.016349310588120947,3.5596486863690466,3.7262854150614766,0.16663672869242996,2.5139467755291096,2.691164894901837,0.17721811937272758
2,ryckewaert,chlorophyll,pls,rfe,0.8535537958694437,0.8372044852813227,0.016349310588120947,3.5596486863690466,3.7262854150614766,0.16663672869242996,2.5139467755291096,2.691164894901837,0.17721811937272758
3,ryckewaert,chlorophyll,pls,rfe,0.8535537958694437,0.8372044852813227,0.016349310588120947,3.5596486863690466,3.7262854150614766,0.16663672869242996,2.5139467755291096,2.691164894901837,0.17721811937272758
4,ryckewaert,chlorophyll,pls,rfe,0.8535537958694437,0.8372044852813227,0.016349310588120947,3.5596486863690466,3.7262854150614766,0.16663672869242996,2.5139467755291096,2.691164894901837,0.17721811937272758
5,ryckewaert,chlorophyll,pls,rfe,0.8535537958694437,0.8372044852813227,0.016349310588120947,3.5596486863690466,3.7262854150614766,0.16663672869242996,2.5139467755291096,2.691164894901837,0.17721811937272758
6,ryckewaert,chlorophyll,pls,rfe,0.8535537958694437,0.8372044852813227,0.016349310588120947,3.5596486863690466,3.7262854150614766,0.16663672869242996,2.5139467755291096,2.691164894901837,0.17721811937272758
7,ryckewaert,chlorophyll,pls,rfe,0.8535537958694437,0.8372044852813227,0.016349310588120947,3.5596486863690466,3.7262854150614766,0.16663672869242996,2.5139467755291096,2.691164894901837,0.17721811937272758
8,ryckewaert,chlorophyll,pls,rfe,0.8535537958694437,0.8372044852813227,0.016349310588120947,3.5596486863690466,3.7262854150614766,0.16663672869242996,2.5139467755291096,2.691164894901837,0.17721811937272758
9,ryckewaert,chlorophyll,pls,rfe,0.8535537958694437,0.8372044852813227,0.016349310588120947,3.5596486863690466,3.7262854150614766,0.16663672869242996,2.5139467755291096,2.691164894901837,0.17721811937272758
10,ryckewaert,chlorophyll,pls,rfe,0.8535537958694437,0.8372044852813227,0.016349310588120947,3.5596486863690466,3.7262854150614766,0.16663672869242996,2.5139467755291096,2.691164894901837,0.17721811937272758
11,ryckewaert,chlorophyll,pls,rfe,0.8535537958694437,0.8372044852813227,0.016349310588120947,3.5596486863690466,3.7262854150614766,0.16663672869242996,2.5139467755291096,2.691164894901837,0.17721811937272758
0,ryckewaert,flavonol,lightgbm,ga,0.5631977417555818,0.29818015163341327,0.2650175901221685,0.3795718949968605,0.47521930859274447,0.09564741359588397,0.30164161995582356,0.3760606286045976,0.07441900864877404
1,ryckewaert,flavonol,lightgbm,ga,0.5630686675206681,0.3226826287925094,0.24038603872815867,0.3796279722403048,0.46723875808546905,0.08761078584516424,0.3024488641149035,0.36894387224147074,0.06649500812656722
2,ryckewaert,flavonol,lightgbm,ga,0.583317455998253,0.3148253283998705,0.26849212759838254,0.3707270403728255,0.47020742438623897,0.09948038401341347,0.29109330744761547,0.37028837340067466,0.0791950659530592
3,ryckewaert,flavonol,lightgbm,ga,0.5461144310625785,0.30325022182654837,0.24286420923603014,0.386923224121649,0.47519576920006396,0.08827254507841498,0.3035673457162804,0.37692265488517634,0.07335530916889593
4,ryckewaert,flavonol,lightgbm,ga,0.5913639741173422,0.35196044443040214,0.23940352968694006,0.36713005262746534,0.45701534491106327,0.08988529228359793,0.2912148827371308,0.3526324384712218,0.06141755573409097
5,ryckewaert,flavonol,lightgbm,ga,0.5582063670357034,0.3021118740953612,0.25609449294034214,0.3817344340344305,0.474371189184907,0.09263675515047648,0.3046699927521275,0.37289328962817947,0.06822329687605194
6,ryckewaert,flavonol,lightgbm,ga,0.5561015760559722,0.3188980118849766,0.23720356417099564,0.3826426821768028,0.46904753050963516,0.08640484833283235,0.30303494589095903,0.37094234936980025,0.06790740347884122
7,ryckewaert,flavonol,lightgbm,ga,0.5635202336126843,0.32896571648020634,0.234554517132478,0.37943174983389477,0.4641104854624962,0.08467873562860145,0.29832585059604094,0.3694309599362948,0.07110510934025388
8,ryckewaert,flavonol,lightgbm,ga,0.5827313212738863,0.3397267821915899,0.24300453908229636,0.3709876939957407,0.4616930912539497,0.09070539725820898,0.29253162606524596,0.3642459293796927,0.07171430331444673
9,ryckewaert,flavonol,lightgbm,ga,0.5753932544212893,0.3392686909030759,0.23612456351821343,0.37423556285585485,0.4616873638067478,0.08745180095089294,0.2909580149649441,0.3622336910286777,0.07127567606373358
10,ryckewaert,flavonol,lightgbm,ga,0.5559092121314486,0.3203088803881955,0.23560033174325312,0.38272558253351563,0.4678464755060215,0.08512089297250586,0.30145608386235934,0.36783476389041503,0.06637868002805569
11,ryckewaert,flavonol,lightgbm,ga,0.5808708014475106,0.32784202139475094,0.25302878005275964,0.3718138550586794,0.465691934804743,0.0938780797460636,0.2901613712130039,0.37107655366721803,0.08091518245421414
0,ryckewaert,flavonol,lightgbm,lasso,0.40880483512080634,0.3559283281215658,0.05287650699924057,0.4415877806219275,0.4554691827292323,0.013881402107304819,0.3450406747887072,0.3619096568287687,0.016868982040061486
1,ryckewaert,flavonol,lightgbm,lasso,0.40880483512080634,0.3559283281215658,0.05287650699924057,0.4415877806219275,0.4554691827292323,0.013881402107304819,0.3450406747887072,0.3619096568287687,0.016868982040061486
2,ryckewaert,flavonol,lightgbm,lasso,0.40880483512080634,0.3559283281215658,0.05287650699924057,0.4415877806219275,0.4554691827292323,0.013881402107304819,0.3450406747887072,0.3619096568287687,0.016868982040061486
3,ryckewaert,flavonol,lightgbm,lasso,0.40880483512080634,0.3559283281215658,0.05287650699924057,0.4415877806219275,0.4554691827292323,0.013881402107304819,0.3450406747887072,0.3619096568287687,0.016868982040061486
4,ryckewaert,flavonol,lightgbm,lasso,0.40880483512080634,0.3559283281215658,0.05287650699924057,0.4415877806219275,0.4554691827292323,0.013881402107304819,0.3450406747887072,0.3619096568287687,0.016868982040061486
5,ryckewaert,flavonol,lightgbm,lasso,0.40880483512080634,0.3559283281215658,0.05287650699924057,0.4415877806219275,0.4554691827292323,0.013881402107304819,0.3450406747887072,0.3619096568287687,0.016868982040061486
6,ryckewaert,flavonol,lightgbm,lasso,0.40880483512080634,0.3559283281215658,0.05287650699924057,0.4415877806219275,0.4554691827292323,0.013881402107304819,0.3450406747887072,0.3619096568287687,0.016868982040061486
7,ryckewaert,flavonol,lightgbm,lasso,0.40880483512080634,0.3559283281215658,0.05287650699924057,0.4415877806219275,0.4554691827292323,0.013881402107304819,0.3450406747887072,0.3619096568287687,0.016868982040061486
8,ryckewaert,flavonol,lightgbm,lasso,0.40880483512080634,0.3559283281215658,0.05287650699924057,0.4415877806219275,0.4554691827292323,0.013881402107304819,0.3450406747887072,0.3619096568287687,0.016868982040061486
9,ryckewaert,flavonol,lightgbm,lasso,0.40880483512080634,0.3559283281215658,0.05287650699924057,0.4415877806219275,0.4554691827292323,0.013881402107304819,0.3450406747887072,0.3619096568287687,0.016868982040061486
10,ryckewaert,flavonol,lightgbm,lasso,0.40880483512080634,0.3559283281215658,0.05287650699924057,0.4415877806219275,0.4554691827292323,0.013881402107304819,0.3450406747887072,0.3619096568287687,0.016868982040061486
11,ryckewaert,flavonol,lightgbm,lasso,0.40880483512080634,0.3559283281215658,0.05287650699924057,0.4415877806219275,0.4554691827292323,0.013881402107304819,0.3450406747887072,0.3619096568287687,0.016868982040061486
0,ryckewaert,flavonol,lightgbm,mutual_info,0.3150461773125658,0.2974534366966001,0.017592740615965663,0.47531580714241356,0.4711568803238274,-0.0041589268185861505,0.3696794350438002,0.3734823784632179,0.003802943419417726
1,ryckewaert,flavonol,lightgbm,mutual_info,0.3150461773125658,0.294017284463046,0.02102889284951981,0.47531580714241356,0.4720320791666028,-0.0032837279758107796,0.3696794350438002,0.3727135595569768,0.0030341245131766392
2,ryckewaert,flavonol,lightgbm,mutual_info,0.3150461773125658,0.2856750544546941,0.02937112285787169,0.47531580714241356,0.47544414149701064,0.00012833435459708165,0.3696794350438002,0.376084627586602,0.0064051925428018075
3,ryckewaert,flavonol,lightgbm,mutual_info,0.3150461773125658,0.2890525619920305,0.02599361532053529,0.47531580714241356,0.4737600323916895,-0.0015557747507240482,0.3696794350438002,0.37370600973730983,0.004026574693509644
4,ryckewaert,flavonol,lightgbm,mutual_info,0.3150461773125658,0.2906397769257096,0.02440640038685621,0.47531580714241356,0.47372233128110053,-0.0015934758613130318,0.3696794350438002,0.37509217740626905,0.005412742362468859
5,ryckewaert,flavonol,lightgbm,mutual_info,0.3150461773125658,0.2914837561233922,0.023562421189173566,0.47531580714241356,0.4732363734437206,-0.0020794336986929562,0.3696794350438002,0.3753994221563013,0.0057199871125011015
6,ryckewaert,flavonol,lightgbm,mutual_info,0.3150461773125658,0.294017284463046,0.02102889284951981,0.47531580714241356,0.4720320791666028,-0.0032837279758107796,0.3696794350438002,0.3727135595569768,0.0030341245131766392
7,ryckewaert,flavonol,lightgbm,mutual_info,0.3150461773125658,0.294017284463046,0.02102889284951981,0.47531580714241356,0.4720320791666028,-0.0032837279758107796,0.3696794350438002,0.3727135595569768,0.0030341245131766392
8,ryckewaert,flavonol,lightgbm,mutual_info,0.3150461773125658,0.2906397769257096,0.02440640038685621,0.47531580714241356,0.47372233128110053,-0.0015934758613130318,0.3696794350438002,0.37509217740626905,0.005412742362468859
9,ryckewaert,flavonol,lightgbm,mutual_info,0.3150461773125658,0.294017284463046,0.02102889284951981,0.47531580714241356,0.4720320791666028,-0.0032837279758107796,0.3696794350438002,0.3727135595569768,0.0030341245131766392
10,ryckewaert,flavonol,lightgbm,mutual_info,0.3150461773125658,0.28720362469215543,0.027842552620410355,0.47531580714241356,0.4745927991871193,-0.0007230079552942859,0.3696794350438002,0.37432335850002796,0.004643923456227772
11,ryckewaert,flavonol,lightgbm,mutual_info,0.3150461773125658,0.28223890222114,0.03280727509142578,0.47531580714241356,0.4763114627737758,0.0009956556313622245,0.3696794350438002,0.37531580868036096,0.005636373636560776
0,ryckewaert,flavonol,lightgbm,rfe,0.2950459336604504,0.2064374522396995,0.0886084814207509,0.48220534563285405,0.5028737983427685,0.02066845270991441,0.37726649337749385,0.38222788888359593,0.004961395506102084
1,ryckewaert,flavonol,lightgbm,rfe,0.2950459336604504,0.2064374522396995,0.0886084814207509,0.48220534563285405,0.5028737983427685,0.02066845270991441,0.37726649337749385,0.38222788888359593,0.004961395506102084
2,ryckewaert,flavonol,lightgbm,rfe,0.2950459336604504,0.2064374522396995,0.0886084814207509,0.48220534563285405,0.5028737983427685,0.02066845270991441,0.37726649337749385,0.38222788888359593,0.004961395506102084
3,ryckewaert,flavonol,lightgbm,rfe,0.2950459336604504,0.2064374522396995,0.0886084814207509,0.48220534563285405,0.5028737983427685,0.02066845270991441,0.37726649337749385,0.38222788888359593,0.004961395506102084
4,ryckewaert,flavonol,lightgbm,rfe,0.2950459336604504,0.2064374522396995,0.0886084814207509,0.48220534563285405,0.5028737983427685,0.02066845270991441,0.37726649337749385,0.38222788888359593,0.004961395506102084
5,ryckewaert,flavonol,lightgbm,rfe,0.2950459336604504,0.2064374522396995,0.0886084814207509,0.48220534563285405,0.5028737983427685,0.02066845270991441,0.37726649337749385,0.38222788888359593,0.004961395506102084
6,ryckewaert,flavonol,lightgbm,rfe,0.2950459336604504,0.2064374522396995,0.0886084814207509,0.48220534563285405,0.5028737983427685,0.02066845270991441,0.37726649337749385,0.38222788888359593,0.004961395506102084
7,ryckewaert,flavonol,lightgbm,rfe,0.2950459336604504,0.2064374522396995,0.0886084814207509,0.48220534563285405,0.5028737983427685,0.02066845270991441,0.37726649337749385,0.38222788888359593,0.004961395506102084
8,ryckewaert,flavonol,lightgbm,rfe,0.2950459336604504,0.2064374522396995,0.0886084814207509,0.48220534563285405,0.5028737983427685,0.02066845270991441,0.37726649337749385,0.38222788888359593,0.004961395506102084
9,ryckewaert,flavonol,lightgbm,rfe,0.2950459336604504,0.2064374522396995,0.0886084814207509,0.48220534563285405,0.5028737983427685,0.02066845270991441,0.37726649337749385,0.38222788888359593,0.004961395506102084
10,ryckewaert,flavonol,lightgbm,rfe,0.2950459336604504,0.2064374522396995,0.0886084814207509,0.48220534563285405,0.5028737983427685,0.02066845270991441,0.37726649337749385,0.38222788888359593,0.004961395506102084
11,ryckewaert,flavonol,lightgbm,rfe,0.2950459336604504,0.2064374522396995,0.0886084814207509,0.48220534563285405,0.5028737983427685,0.02066845270991441,0.37726649337749385,0.38222788888359593,0.004961395506102084
0,ryckewaert,flavonol,pls,ga,0.6174895366539911,0.2903629163273764,0.3271266203266147,0.3552002561825026,0.4802888589066293,0.1250886027241267,0.2796692487483043,0.3628116602190891,0.08314241147078483
1,ryckewaert,flavonol,pls,ga,0.617503390976946,0.28712646088578603,0.3303769300911599,0.3551938235432748,0.48198995379266557,0.1267961302493908,0.28061104661711855,0.36006582745997734,0.07945478084285879
2,ryckewaert,flavonol,pls,ga,0.600324441523414,0.22729831436016115,0.3730261271632529,0.36308257415901624,0.5041485267206678,0.14106595256165155,0.2833242139944863,0.36673506737593475,0.08341085338144844
3,ryckewaert,flavonol,pls,ga,0.6197953409137993,0.23386235593061758,0.38593298498318174,0.3541280498510517,0.5014528987041585,0.14732484885310687,0.2773065489673552,0.36954027417465046,0.09223372520729528
4,ryckewaert,flavonol,pls,ga,0.6009391761692833,0.3039217026325017,0.2970174735367816,0.3628032409300287,0.47472458439866,0.1119213434686313,0.2837353108473639,0.3512288416998999,0.06749353085253595
5,ryckewaert,flavonol,pls,ga,0.6166490114185328,0.2725519275376338,0.344097083880899,0.35559029904024636,0.4848579372218027,0.12926763818155634,0.28053553585716423,0.36122426232061955,0.08068872646345532
6,ryckewaert,flavonol,pls,ga,0.6153130335855483,0.2999636212656518,0.31534941231989655,0.3562093760667248,0.47396375593840184,0.11775437987167703,0.282810605801041,0.35757967248572453,0.07476906668468353
7,ryckewaert,flavonol,pls,ga,0.6137302863570232,0.2886810570837485,0.3250492292732747,0.35694141371200083,0.48133380081505267,0.12439238710305184,0.27863916557350576,0.3615464999469524,0.08290733437344666
8,ryckewaert,flavonol,pls,ga,0.631465196121979,0.24445463227486672,0.3870105638471123,0.34865095947301084,0.49793122281472507,0.14928026334171424,0.26627619510038514,0.3642609567902793,0.09798476168989417
9,ryckewaert,flavonol,pls,ga,0.6298549834647768,0.2523346940128689,0.37752028945190785,0.3494117971122654,0.4962034150760416,0.1467916179637762,0.27225725159992775,0.37320077621599274,0.10094352461606498
10,ryckewaert,flavonol,pls,ga,0.6308037838264552,0.2639006804131109,0.3669031034133443,0.348963682526492,0.48843060079118933,0.13946691826469731,0.2743315062014665,0.3715042280016033,0.09717272180013681
11,ryckewaert,flavonol,pls,ga,0.6288734358486443,0.26576805917299495,0.36310537667564935,0.34987477410053663,0.4905644031312822,0.14068962903074556,0.2771758876987359,0.366090977099506,0.08891508940077009
0,ryckewaert,flavonol,pls,lasso,0.5919872037883033,0.41089119193167545,0.18109601185662783,0.3668499823023213,0.4344027133779043,0.06755273107558302,0.28315095922921946,0.3411266365680783,0.05797567733885883
1,ryckewaert,flavonol,pls,lasso,0.5919872037883033,0.41089119193167545,0.18109601185662783,0.3668499823023213,0.4344027133779043,0.06755273107558302,0.28315095922921946,0.3411266365680783,0.05797567733885883
2,ryckewaert,flavonol,pls,lasso,0.5919872037883033,0.41089119193167545,0.18109601185662783,0.3668499823023213,0.4344027133779043,0.06755273107558302,0.28315095922921946,0.3411266365680783,0.05797567733885883
3,ryckewaert,flavonol,pls,lasso,0.5919872037883033,0.41089119193167545,0.18109601185662783,0.3668499823023213,0.4344027133779043,0.06755273107558302,0.28315095922921946,0.3411266365680783,0.05797567733885883
4,ryckewaert,flavonol,pls,lasso,0.5919872037883033,0.41089119193167545,0.18109601185662783,0.3668499823023213,0.4344027133779043,0.06755273107558302,0.28315095922921946,0.3411266365680783,0.05797567733885883
5,ryckewaert,flavonol,pls,lasso,0.5919872037883033,0.41089119193167545,0.18109601185662783,0.3668499823023213,0.4344027133779043,0.06755273107558302,0.28315095922921946,0.3411266365680783,0.05797567733885883
6,ryckewaert,flavonol,pls,lasso,0.5919872037883033,0.41089119193167545,0.18109601185662783,0.3668499823023213,0.4344027133779043,0.06755273107558302,0.28315095922921946,0.3411266365680783,0.05797567733885883
7,ryckewaert,flavonol,pls,lasso,0.5919872037883033,0.41089119193167545,0.18109601185662783,0.3668499823023213,0.4344027133779043,0.06755273107558302,0.28315095922921946,0.3411266365680783,0.05797567733885883
8,ryckewaert,flavonol,pls,lasso,0.5919872037883033,0.41089119193167545,0.18109601185662783,0.3668499823023213,0.4344027133779043,0.06755273107558302,0.28315095922921946,0.3411266365680783,0.05797567733885883
9,ryckewaert,flavonol,pls,lasso,0.5919872037883033,0.41089119193167545,0.18109601185662783,0.3668499823023213,0.4344027133779043,0.06755273107558302,0.28315095922921946,0.3411266365680783,0.05797567733885883
10,ryckewaert,flavonol,pls,lasso,0.5919872037883033,0.41089119193167545,0.18109601185662783,0.3668499823023213,0.4344027133779043,0.06755273107558302,0.28315095922921946,0.3411266365680783,0.05797567733885883
11,ryckewaert,flavonol,pls,lasso,0.5919872037883033,0.41089119193167545,0.18109601185662783,0.3668499823023213,0.4344027133779043,0.06755273107558302,0.28315095922921946,0.3411266365680783,0.05797567733885883
0,ryckewaert,flavonol,pls,mutual_info,0.3193746569055994,0.2914596642971642,0.02791499260843522,0.47381157767759713,0.4776095659276444,0.0037979882500472906,0.3685144645348214,0.37191644721788186,0.003401982683060467
1,ryckewaert,flavonol,pls,mutual_info,0.3193746569055994,0.2798508230421404,0.039523833863459035,0.47381157767759713,0.4805202666701088,0.006708688992511647,0.3685144645348214,0.3747870783059223,0.006272613771100888
2,ryckewaert,flavonol,pls,mutual_info,0.3193746569055994,0.2821260438061266,0.037248613099472805,0.47381157767759713,0.48084028713792903,0.007028709460331906,0.3685144645348214,0.37373246848925384,0.005218003954432449
3,ryckewaert,flavonol,pls,mutual_info,0.3193746569055994,0.27142186909830207,0.04795278780729734,0.47381157767759713,0.4833987639238797,0.009587186246282575,0.3685144645348214,0.3756217668214912,0.007107302286669781
4,ryckewaert,flavonol,pls,mutual_info,0.3193746569055994,0.2905549977499649,0.028819659155634503,0.47381157767759713,0.4779463813572226,0.004134803679625487,0.3685144645348214,0.372897779973685,0.004383315438863611
5,ryckewaert,flavonol,pls,mutual_info,0.3193746569055994,0.27098553093214023,0.04838912597345918,0.47381157767759713,0.48451283075106316,0.010701253073466033,0.3685144645348214,0.3772573023990107,0.008742837864189279
6,ryckewaert,flavonol,pls,mutual_info,0.3193746569055994,0.2798508230421404,0.039523833863459035,0.47381157767759713,0.4805202666701088,0.006708688992511647,0.3685144645348214,0.3747870783059223,0.006272613771100888
7,ryckewaert,flavonol,pls,mutual_info,0.3193746569055994,0.2798508230421404,0.039523833863459035,0.47381157767759713,0.4805202666701088,0.006708688992511647,0.3685144645348214,0.3747870783059223,0.006272613771100888
8,ryckewaert,flavonol,pls,mutual_info,0.3193746569055994,0.2905549977499649,0.028819659155634503,0.47381157767759713,0.4779463813572226,0.004134803679625487,0.3685144645348214,0.372897779973685,0.004383315438863611
9,ryckewaert,flavonol,pls,mutual_info,0.3193746569055994,0.2798508230421404,0.039523833863459035,0.47381157767759713,0.4805202666701088,0.006708688992511647,0.3685144645348214,0.3747870783059223,0.006272613771100888
10,ryckewaert,flavonol,pls,mutual_info,0.3193746569055994,0.2789461564949411,0.04042850041065832,0.47381157767759713,0.4808550433005598,0.0070434656229626524,0.3685144645348214,0.37576841106172526,0.007253946526903865
11,ryckewaert,flavonol,pls,mutual_info,0.3193746569055994,0.2705172025511028,0.04885745435449662,0.47381157767759713,0.4837315484336385,0.009919970756041396,0.3685144645348214,0.3766030995772942,0.008088635042472814
0,ryckewaert,flavonol,pls,rfe,0.2595891110353745,0.23881320378647258,0.020775907248901937,0.49418323628118344,0.49397528170738,-0.00020795457380345939,0.3908213655241644,0.3901479966509106,-0.0006733688732538101
1,ryckewaert,flavonol,pls,rfe,0.2595891110353745,0.23881320378647258,0.020775907248901937,0.49418323628118344,0.49397528170738,-0.00020795457380345939,0.3908213655241644,0.3901479966509106,-0.0006733688732538101
2,ryckewaert,flavonol,pls,rfe,0.2595891110353745,0.23881320378647258,0.020775907248901937,0.49418323628118344,0.49397528170738,-0.00020795457380345939,0.3908213655241644,0.3901479966509106,-0.0006733688732538101
3,ryckewaert,flavonol,pls,rfe,0.2595891110353745,0.23881320378647258,0.020775907248901937,0.49418323628118344,0.49397528170738,-0.00020795457380345939,0.3908213655241644,0.3901479966509106,-0.0006733688732538101
4,ryckewaert,flavonol,pls,rfe,0.2595891110353745,0.23881320378647258,0.020775907248901937,0.49418323628118344,0.49397528170738,-0.00020795457380345939,0.3908213655241644,0.3901479966509106,-0.0006733688732538101
5,ryckewaert,flavonol,pls,rfe,0.2595891110353745,0.23881320378647258,0.020775907248901937,0.49418323628118344,0.49397528170738,-0.00020795457380345939,0.3908213655241644,0.3901479966509106,-0.0006733688732538101
6,ryckewaert,flavonol,pls,rfe,0.2595891110353745,0.23881320378647258,0.020775907248901937,0.49418323628118344,0.49397528170738,-0.00020795457380345939,0.3908213655241644,0.3901479966509106,-0.0006733688732538101
7,ryckewaert,flavonol,pls,rfe,0.2595891110353745,0.23881320378647258,0.020775907248901937,0.49418323628118344,0.49397528170738,-0.00020795457380345939,0.3908213655241644,0.3901479966509106,-0.0006733688732538101
8,ryckewaert,flavonol,pls,rfe,0.2595891110353745,0.23881320378647258,0.020775907248901937,0.49418323628118344,0.49397528170738,-0.00020795457380345939,0.3908213655241644,0.3901479966509106,-0.0006733688732538101
9,ryckewaert,flavonol,pls,rfe,0.2595891110353745,0.23881320378647258,0.020775907248901937,0.49418323628118344,0.49397528170738,-0.00020795457380345939,0.3908213655241644,0.3901479966509106,-0.0006733688732538101
10,ryckewaert,flavonol,pls,rfe,0.2595891110353745,0.23881320378647258,0.020775907248901937,0.49418323628118344,0.49397528170738,-0.00020795457380345939,0.3908213655241644,0.3901479966509106,-0.0006733688732538101
11,ryckewaert,flavonol,pls,rfe,0.2595891110353745,0.23881320378647258,0.020775907248901937,0.49418323628118344,0.49397528170738,-0.00020795457380345939,0.3908213655241644,0.3901479966509106,-0.0006733688732538101
